Subject;Motivation;Proficiency;Education;Internet
1;5;72;1;0
2;3;28;3;0
3;1;26;4;0
4;2;23;2;0
5;2;76;3;0
6;2;40;3;1
7;1;57;2;0
8;5;24;1;0
9;4;89;3;0
10;3;72;3;1
11;5;24;4;1
12;2;40;4;0
13;4;70;3;1
14;1;37;3;0
15;4;28;1;0
16;3;23;1;0
17;3;21;3;0
18;3;17;4;0
19;3;34;2;0
20;3;47;1;0
21;1;33;3;0
22;4;41;1;0
23;1;20;3;9
24;4;22;3;0
25;1;60;4;0
26;2;58;3;0
27;5;92;2;0
28;1;21;4;1
29;1;13;3;1
30;3;24;2;1
31;3;19;2;0
32;3;59;3;0
33;5;32;2;0
34;2;35;4;0
35;3;35;1;0
36;1;22;3;0
37;2;39;2;0
38;2;20;2;0
39;4;78;4;0
40;2;68;4;1
41;2;27;1;0
42;1;19;1;0
43;3;20;2;0
44;3;31;3;0
45;3;51;2;0
46;3;84;2;0
47;2;24;3;1
48;2;57;3;0
49;1;24;3;0
50;1;32;2;0
51;4;65;4;0
52;3;70;3;1
53;2;71;3;0
54;5;35;3;0
55;5;85;2;0
56;4;20;3;0
57;5;33;3;0
58;2;35;4;0
59;3;50;2;0
60;5;89;2;0
61;3;54;1;0
62;3;68;2;0
63;4;29;5;1
64;2;25;2;0
65;2;27;1;0
66;3;57;4;1
67;4;30;1;0
68;4;23;2;0
69;5;64;3;0
70;4;26;3;0
71;1;27;2;1
72;3;28;3;1
73;1;27;2;0
74;2;49;4;0
75;2;30;2;0
76;2;36;3;0
77;3;62;3;0
78;3;49;1;0
79;4;49;4;0
80;3;23;4;0
81;3;23;4;0
82;2;59;5;1
83;5;58;1;1
84;4;46;1;0
85;1;31;4;8
86;4;40;1;0
87;2;53;4;1
88;2;22;4;1
89;1;43;2;0
90;4;23;2;1
91;1;68;4;1
92;1;41;2;0
93;1;23;4;1
94;3;33;2;1
95;2;83;2;0
96;5;39;1;1
97;1;42;4;1
98;4;43;1;0
99;3;38;4;0
100;2;59;4;1
101;2;57;2;8
102;1;24;4;1
103;3;45;1;0
104;2;22;2;0
105;1;30;3;0
106;1;30;2;0
107;2;21;2;0
108;1;51;4;0
109;3;43;3;0
110;1;30;4;1
111;3;37;3;0
112;4;23;1;0
113;1;16;4;0
114;4;19;2;0
115;3;22;2;0
116;1;38;4;1
117;5;74;4;1
118;1;13;2;9
119;4;41;3;1
120;2;48;1;0
121;2;40;4;1
122;2;71;4;0
123;2;30;4;0
124;2;42;2;0
125;4;51;1;0
126;2;38;3;0
127;2;67;2;0
128;1;31;3;1
129;2;51;3;0
130;3;35;4;1
131;4;88;2;0
132;3;60;4;1
133;1;53;3;0
134;2;42;2;1
135;3;29;1;0
136;4;62;5;0
137;2;46;2;0
138;2;31;1;0
139;2;16;4;1
140;2;36;3;1
141;1;25;1;0
142;3;82;1;0
143;4;25;4;1
144;4;37;3;0
145;1;19;2;0
146;4;30;2;0
147;4;25;3;0
148;2;72;2;0
149;1;19;1;0
150;3;25;2;1
151;2;15;1;0
152;4;50;2;0
153;5;22;1;0
154;5;38;4;1
155;3;45;1;0
156;2;32;2;0
157;1;32;2;0
158;5;30;3;1
159;2;15;5;1
160;1;52;2;0
161;3;29;1;0
162;5;69;2;0
163;3;38;2;0
164;3;32;1;0
165;3;11;1;1
166;4;61;3;0
167;2;59;1;0
168;4;52;1;0
169;1;28;3;1
170;5;23;1;0
171;2;34;3;0
172;5;26;1;0
173;5;32;1;0
174;5;11;2;0
175;3;14;4;0
176;2;81;2;0
177;4;40;2;0
178;4;65;1;0
179;1;21;4;0
180;1;26;3;0
181;2;40;3;1
182;2;26;1;0
183;4;55;3;0
184;1;22;3;0
185;1;19;3;0
186;1;13;2;0
187;2;46;4;0
188;1;40;5;0
189;1;16;2;1
190;3;24;1;0
191;4;32;2;1
192;4;47;4;0
193;5;13;1;0
194;4;73;3;0
195;2;33;1;0
196;2;28;3;0
197;4;63;3;1
198;1;30;4;1
199;4;89;3;1
200;5;78;1;0
201;5;97;1;0
202;2;10;1;0
203;1;29;2;0
204;4;26;2;1
205;5;56;4;1
206;1;21;3;0
207;5;35;3;0
208;2;40;2;0
209;4;89;2;0
210;5;36;1;0
211;4;32;3;0
212;1;44;4;1
213;3;41;2;1
214;5;45;1;1
215;3;31;3;0
216;5;37;1;0
217;4;42;4;0
218;5;50;4;1
219;3;37;2;0
220;2;86;4;1
221;4;24;4;1
222;3;88;4;0
223;3;66;3;1
224;3;27;3;1
225;1;15;2;1
226;2;66;2;1
227;5;94;2;0
228;2;11;3;0
229;2;20;1;0
230;2;43;1;0
231;5;54;5;0
232;4;76;3;9
233;2;36;2;1
234;4;56;4;0
235;3;50;4;1
236;2;22;3;1
237;2;33;5;1
238;1;41;5;0
239;1;41;2;0
240;4;65;4;1
241;1;25;3;1
242;2;33;2;0
243;4;23;1;0
244;5;61;1;0
245;3;42;2;1
246;1;26;5;1
247;2;58;5;1
248;4;40;1;0
249;5;43;3;0
250;4;33;1;0
251;4;52;2;0
252;4;57;3;0
253;5;56;4;0
254;3;69;1;0
255;4;34;2;1
256;1;27;2;0
257;4;46;2;0
258;3;33;3;0
259;1;40;1;9
260;1;20;4;1
261;4;73;1;0
262;5;66;3;0
263;2;14;2;1
264;3;45;5;1
265;3;50;1;1
266;3;64;3;0
267;2;28;2;0
268;3;26;2;0
269;2;24;2;0
270;1;30;1;0
271;4;37;1;0
272;4;28;5;1
273;3;21;1;0
274;3;26;1;0
275;3;23;1;0
276;1;32;3;0
277;1;28;3;0
278;4;16;3;0
279;1;37;4;0
280;5;31;1;0
281;1;32;3;1
282;3;78;1;0
283;3;30;2;0
284;5;51;2;0
285;3;42;4;1
286;2;69;1;0
287;2;60;4;1
288;3;71;1;0
289;4;28;4;1
290;4;15;1;0
291;4;14;1;0
292;5;35;1;0
293;2;50;4;0
294;1;74;5;0
295;5;46;4;1
296;2;25;3;0
297;3;78;3;0
298;5;28;3;0
299;2;58;2;1
300;3;17;5;1
301;3;31;5;0
302;3;11;1;0
303;3;27;2;1
304;3;68;2;0
305;4;70;2;0
306;2;25;4;0
307;1;28;3;1
308;4;81;2;0
309;3;56;2;0
310;1;29;2;0
311;3;28;1;0
312;5;19;5;9
313;2;61;2;0
314;4;86;3;0
315;4;49;1;0
316;4;49;1;0
317;1;25;2;0
318;4;61;4;1
319;4;57;2;0
320;1;35;1;0
321;1;51;3;0
322;1;21;4;0
323;5;17;1;0
324;3;23;3;0
325;3;29;3;0
326;4;39;1;0
327;4;91;2;0
328;4;31;1;1
329;3;40;1;0
330;2;98;4;1
331;2;39;3;0
332;4;71;4;1
333;5;42;1;0
334;3;81;2;0
335;3;26;3;1
336;3;87;4;1
337;5;68;1;0
338;3;78;2;0
339;5;42;1;0
340;2;45;3;1
341;3;93;4;1
342;1;33;3;0
343;2;9;3;0
344;3;29;1;0
345;2;24;1;0
346;3;50;2;0
347;1;40;4;1
348;2;86;4;0
349;1;19;2;1
350;5;16;2;0
351;4;10;2;8
352;1;75;5;1
353;5;43;2;8
354;2;27;2;0
355;5;21;1;0
356;4;91;5;0
357;4;61;5;0
358;3;10;1;0
359;4;95;3;0
360;2;67;1;9
361;4;60;2;0
362;4;63;4;0
363;1;28;1;0
364;3;46;4;1
365;3;20;2;0
366;5;69;1;0
367;2;69;3;9
368;3;57;1;0
369;2;9;2;0
370;3;48;3;0
371;3;40;1;0
372;3;15;2;1
373;4;86;1;1
374;2;42;1;0
375;2;29;3;1
376;1;77;3;0
377;3;22;1;0
378;4;35;2;1
379;3;30;3;1
380;1;38;4;0
381;3;28;3;1
382;4;11;2;1
383;1;18;3;0
384;1;36;1;0
385;1;24;1;0
386;3;34;3;0
387;5;47;3;1
388;4;49;1;0
389;2;19;1;0
390;2;57;2;0
391;4;86;2;0
392;4;11;4;0
393;3;18;2;0
394;3;43;4;0
395;1;26;4;1
396;2;25;5;1
397;4;77;3;1
398;1;31;1;0
399;3;23;1;0
400;4;41;1;0
401;3;89;4;0
402;3;91;2;0
403;4;54;2;0
404;2;27;1;0
405;3;33;3;1
406;1;16;2;1
407;2;26;1;0
408;4;43;3;0
409;3;39;3;8
410;2;19;3;0
411;4;40;2;0
412;5;34;2;1
413;3;24;1;0
414;4;27;2;0
415;5;26;2;0
416;1;24;3;0
417;3;59;2;1
418;2;31;5;1
419;1;26;2;0
420;5;60;1;0
421;2;31;2;0
422;1;24;2;0
423;4;37;1;0
424;2;27;4;1
425;1;36;3;0
426;4;86;3;0
427;3;29;3;1
428;4;22;2;0
429;2;29;5;8
430;4;46;4;0
431;1;41;3;0
432;3;34;3;0
433;5;52;3;0
434;1;33;3;0
435;2;35;4;0
436;3;25;5;0
437;2;36;3;1
438;4;35;2;0
439;2;28;2;0
440;2;21;5;1
441;2;36;4;0
442;4;13;3;1
443;3;34;4;0
444;2;39;2;0
445;1;19;1;0
446;1;37;3;0
447;1;14;1;0
448;3;22;1;0
449;1;95;4;1
450;4;31;4;0
451;2;26;5;0
452;4;31;1;0
453;2;24;5;0
454;4;73;3;0
455;3;35;1;0
456;1;16;1;1
457;5;36;2;1
458;4;66;2;0
459;3;66;4;1
460;4;61;1;0
461;3;88;3;1
462;1;30;3;0
463;1;19;1;0
464;4;16;1;0
465;1;37;3;0
466;1;93;4;0
467;1;35;4;1
468;1;15;3;0
469;2;46;2;0
470;3;14;1;0
471;3;28;2;0
472;4;22;2;0
473;3;39;4;1
474;1;21;1;0
475;2;46;4;0
476;5;62;2;0
477;2;35;1;9
478;5;49;1;0
479;4;52;4;1
480;2;23;1;0
481;2;34;2;0
482;3;29;3;1
483;4;25;1;0
484;4;21;1;0
485;4;18;1;0
486;3;53;2;0
487;3;34;2;0
488;4;54;4;0
489;2;32;1;0
490;3;32;1;0
491;1;17;4;0
492;5;81;3;9
493;5;94;2;0
494;4;29;1;0
495;2;23;1;0
496;1;26;3;0
497;3;77;1;0
498;3;18;4;0
499;3;31;1;0
500;1;23;2;0
501;4;96;2;1
502;3;21;2;0
503;3;38;4;1
504;2;60;2;1
505;3;34;3;1
506;1;32;2;0
507;5;34;2;0
508;5;67;1;1
509;4;47;2;0
510;3;34;2;0
511;1;25;3;0
512;4;42;1;0
513;2;63;4;1
514;2;19;4;0
515;2;46;1;0
516;3;71;5;0
517;1;21;2;0
518;5;30;1;0
519;1;33;2;1
520;2;29;4;0
521;4;80;3;0
522;2;25;4;0
523;3;28;2;1
524;2;30;3;1
525;2;26;1;0
526;2;26;2;0
527;4;65;4;0
528;2;24;4;1
529;3;34;5;9
530;2;47;2;1
531;2;26;2;1
532;5;32;1;0
533;2;61;5;1
534;4;79;1;0
535;3;95;4;0
536;2;77;2;0
537;4;56;2;0
538;2;34;1;0
539;4;92;4;1
540;4;36;2;0
541;1;21;3;0
542;2;28;4;1
543;3;32;1;1
544;1;47;3;9
545;4;51;2;0
546;5;40;1;0
547;3;21;3;1
548;3;35;2;0
549;2;15;2;0
550;4;82;2;0
551;4;29;2;0
552;3;18;4;0
553;3;31;4;1
554;2;25;1;0
555;5;69;1;9
556;1;35;2;0
557;5;30;3;0
558;4;43;4;0
559;2;44;2;0
560;4;24;2;0
561;1;89;2;1
562;1;65;5;1
563;1;48;3;1
564;2;20;2;0
565;3;33;5;1
566;2;33;2;0
567;2;82;1;0
568;5;43;1;0
569;3;50;2;0
570;4;49;4;0
571;5;12;1;0
572;5;65;2;0
573;1;33;5;1
574;3;22;2;0
575;2;20;4;0
576;2;61;4;0
577;3;25;2;0
578;3;45;5;1
579;1;29;3;0
580;2;43;5;0
581;1;47;5;1
582;3;75;1;0
583;3;64;2;0
584;2;51;2;0
585;2;20;1;0
586;2;33;2;1
587;3;30;3;1
588;2;30;2;1
589;4;48;4;0
590;2;18;3;0
591;5;46;1;0
592;1;32;2;0
593;2;58;3;1
594;1;24;3;8
595;4;31;1;0
596;4;23;2;0
597;4;93;1;0
598;3;46;3;0
599;2;34;2;1
600;4;29;3;0
601;2;37;1;0
602;4;66;4;1
603;2;41;2;0
604;3;25;2;0
605;4;37;4;1
606;2;57;5;1
607;5;36;3;1
608;1;65;4;0
609;2;63;2;1
610;3;70;2;0
611;5;39;2;0
612;5;54;3;0
613;1;27;2;1
614;3;79;1;0
615;5;48;2;0
616;2;23;3;1
617;3;62;3;9
618;5;31;1;0
619;5;24;2;1
620;2;42;4;0
621;2;24;2;0
622;3;97;2;0
623;5;31;1;0
624;2;31;2;0
625;5;79;2;0
626;3;44;2;0
627;1;36;5;1
628;3;18;2;1
629;5;98;3;0
630;1;18;2;0
631;5;26;3;1
632;2;44;1;0
633;2;48;4;0
634;2;28;2;0
635;2;21;2;0
636;2;38;1;0
637;3;23;1;0
638;1;56;3;9
639;3;98;1;0
640;5;65;1;0
641;1;24;4;1
642;4;30;2;0
643;2;29;1;0
644;5;28;2;0
645;3;37;1;0
646;5;49;2;0
647;2;29;4;0
648;4;78;4;1
649;1;32;1;0
650;1;26;4;1
651;4;25;1;0
652;1;15;1;0
653;2;68;1;0
654;2;41;4;1
655;1;67;2;0
656;2;45;2;0
657;2;44;3;1
658;2;73;4;0
659;3;73;3;0
660;2;80;4;0
661;3;68;2;8
662;2;36;1;0
663;4;76;4;0
664;2;27;3;1
665;1;44;2;0
666;3;38;3;0
667;3;44;1;0
668;2;18;1;0
669;5;18;4;1
670;3;30;2;0
671;5;63;4;0
672;3;34;2;0
673;1;28;2;1
674;3;51;3;0
675;4;29;4;0
676;1;44;1;0
677;3;55;5;0
678;1;39;1;0
679;5;90;1;0
680;4;45;3;0
681;2;92;4;1
682;4;23;1;1
683;3;25;2;0
684;1;62;1;9
685;1;31;2;0
686;1;22;3;0
687;4;86;4;1
688;5;42;2;0
689;3;16;2;0
690;1;74;5;0
691;5;77;2;0
692;2;24;5;0
693;2;75;1;0
694;4;40;2;0
695;1;31;2;0
696;1;22;2;0
697;2;96;3;0
698;5;17;2;0
699;4;46;4;0
700;1;19;3;1
701;4;10;1;0
702;2;30;4;1
703;1;41;3;1
704;2;44;4;0
705;4;72;1;0
706;3;64;4;1
707;3;69;4;0
708;2;48;4;0
709;1;28;3;1
710;3;9;2;0
711;4;32;2;1
712;2;57;2;0
713;3;55;2;0
714;3;48;1;0
715;2;66;4;1
716;3;20;4;1
717;1;61;2;0
718;3;49;1;0
719;2;16;4;0
720;3;92;3;1
721;1;52;3;0
722;3;21;3;0
723;2;30;1;0
724;1;19;2;1
725;3;19;3;8
726;5;32;1;0
727;3;63;3;0
728;1;87;5;1
729;5;59;2;0
730;3;41;2;0
731;4;96;4;0
732;2;42;3;1
733;2;33;2;0
734;3;62;5;0
735;5;95;1;0
736;3;50;3;0
737;5;86;2;9
738;3;25;1;0
739;4;62;1;0
740;3;56;2;1
741;3;22;2;0
742;1;40;3;0
743;1;15;1;0
744;1;19;1;0
745;4;69;2;0
746;3;19;4;0
747;5;24;2;0
748;4;39;1;0
749;2;35;4;0
750;2;41;3;0
751;3;21;2;0
752;2;42;2;0
753;5;60;2;0
754;3;21;1;0
755;1;21;1;1
756;3;28;4;0
757;2;39;3;0
758;1;51;3;1
759;3;26;5;1
760;5;39;2;0
761;5;26;1;0
762;1;39;3;0
763;5;44;1;8
764;2;47;2;1
765;4;65;2;0
766;4;34;1;0
767;2;21;3;1
768;3;28;2;0
769;3;70;3;0
770;2;59;3;0
771;1;56;4;0
772;3;26;2;0
773;5;69;4;0
774;3;22;4;0
775;2;65;4;0
776;4;44;4;1
777;2;97;2;1
778;2;43;4;0
779;5;48;2;1
780;3;14;3;0
781;1;27;4;0
782;1;16;3;0
783;1;29;2;1
784;1;83;5;1
785;5;46;2;0
786;4;22;2;0
787;5;47;3;0
788;5;28;3;0
789;2;19;3;1
790;5;39;1;0
791;2;45;2;0
792;3;15;1;0
793;4;58;2;0
794;4;45;4;1
795;4;38;4;0
796;3;60;5;1
797;1;28;5;1
798;2;10;1;0
799;4;67;4;0
800;4;78;2;0
801;1;32;2;9
802;4;60;4;1
803;4;42;1;0
804;5;42;2;0
805;3;75;4;1
806;3;57;4;0
807;4;15;2;0
808;1;45;1;0
809;4;92;3;0
810;1;20;2;1
811;5;14;3;0
812;4;58;3;0
813;3;50;2;0
814;5;60;2;0
815;4;11;2;0
816;4;42;4;1
817;1;49;1;0
818;3;26;5;1
819;2;37;3;0
820;4;96;4;1
821;5;70;3;0
822;5;14;2;0
823;1;69;2;0
824;2;41;2;0
825;5;59;3;1
826;5;74;1;0
827;4;58;2;0
828;5;33;1;0
829;4;29;4;1
830;3;37;4;0
831;4;15;2;0
832;4;50;3;1
833;5;36;2;0
834;1;29;3;0
835;5;61;3;0
836;4;36;1;0
837;4;40;2;0
838;2;45;4;1
839;2;49;3;1
840;3;41;2;0
841;1;50;3;1
842;1;16;2;0
843;2;69;4;0
844;4;48;3;1
845;3;18;1;0
846;3;49;2;1
847;5;98;2;0
848;4;34;4;1
849;2;22;4;0
850;2;12;2;0
851;3;42;2;0
852;2;42;4;0
853;2;34;4;0
854;3;37;2;0
855;5;57;2;0
856;3;96;2;0
857;5;69;2;1
858;2;34;3;1
859;4;10;2;0
860;1;42;5;1
861;1;15;4;1
862;3;27;4;0
863;2;37;3;0
864;5;70;3;0
865;3;61;2;0
866;3;40;4;1
867;5;47;3;0
868;2;66;1;0
869;3;79;2;0
870;4;39;1;0
871;3;75;4;0
872;1;19;2;0
873;5;34;3;0
874;3;56;4;0
875;4;22;2;0
876;2;66;2;0
877;1;20;1;0
878;2;36;1;0
879;3;43;2;0
880;3;47;2;0
881;4;34;1;0
882;2;80;4;0
883;2;30;2;1
884;3;75;3;1
885;3;35;4;0
886;1;26;2;1
887;2;24;2;0
888;5;65;2;0
889;3;20;1;0
890;3;30;4;1
891;2;33;5;0
892;4;38;1;1
893;4;37;2;0
894;5;36;5;0
895;4;90;3;1
896;5;21;2;1
897;1;26;5;1
898;4;22;3;0
899;1;26;3;0
900;2;52;1;0
901;4;30;2;0
902;3;17;2;0
903;2;38;3;0
904;5;30;5;1
905;1;40;2;0
906;3;31;2;0
907;1;20;4;1
908;1;35;5;1
909;2;44;5;1
910;3;84;1;0
911;3;30;4;1
912;3;83;5;1
913;1;58;5;1
914;3;18;2;0
915;1;69;4;0
916;4;30;1;1
917;2;56;2;0
918;1;79;3;1
919;3;34;4;0
920;1;31;5;1
921;2;33;2;1
922;2;43;3;9
923;5;43;1;0
924;5;70;2;0
925;4;96;2;9
926;1;47;2;0
927;1;15;3;0
928;4;86;2;1
929;3;69;1;0
930;4;77;3;0
931;2;49;2;0
932;3;28;1;0
933;5;43;1;0
934;1;26;3;1
935;2;59;1;0
936;3;46;2;0
937;2;67;4;1
938;5;76;3;0
939;5;54;1;0
940;2;27;3;0
941;2;19;1;0
942;1;35;2;0
943;3;37;4;1
944;3;94;4;1
945;2;69;2;0
946;3;28;3;0
947;2;72;4;1
948;5;15;2;0
949;3;19;1;8
950;1;37;3;0
951;1;49;3;1
952;2;62;3;1
953;3;22;3;0
954;2;25;2;0
955;1;32;4;1
956;2;30;1;0
957;4;75;4;1
958;2;46;3;0
959;3;70;3;0
960;5;19;2;9
961;1;46;4;9
962;4;66;2;0
963;4;36;3;0
964;5;98;2;0
965;4;37;1;0
966;1;39;3;1
967;5;96;1;0
968;4;33;3;0
969;2;21;4;0
970;2;84;2;0
971;1;22;3;0
972;2;19;2;1
973;5;30;3;0
974;1;25;2;1
975;4;26;3;1
976;2;55;2;0
977;4;40;2;0
978;1;9;5;1
979;5;30;1;0
980;1;20;5;1
981;1;36;3;0
982;1;36;2;8
983;2;17;3;0
984;4;33;2;0
985;4;53;4;0
986;4;35;1;1
987;1;18;4;1
988;2;27;3;0
989;3;64;2;0
990;4;39;4;0
991;3;38;3;1
992;5;36;1;0
993;5;25;2;0
994;1;67;4;0
995;1;49;4;1
996;4;76;1;0
997;5;40;3;0
998;4;26;2;0
999;1;21;1;0
1000;3;26;1;0
1001;4;39;2;0
1002;2;27;4;1
1003;2;25;1;0
1004;2;32;2;1
1005;3;39;2;0
1006;4;48;4;0
1007;1;51;3;1
1008;4;21;1;0
1009;2;39;2;1
1010;5;32;1;0
1011;3;31;1;0
1012;4;58;1;0
1013;4;22;1;0
1014;1;20;2;0
1015;3;28;2;1
1016;1;45;3;0
1017;3;29;3;0
1018;5;59;4;0
1019;4;37;2;0
1020;2;26;3;1
1021;1;14;2;0
1022;4;56;3;0
1023;5;49;2;0
1024;2;57;4;0
1025;5;31;2;0
1026;2;23;4;0
1027;3;44;4;0
1028;1;31;3;0
1029;4;50;3;0
1030;1;85;5;1
1031;5;55;3;0
1032;5;90;1;0
1033;3;52;2;0
1034;1;49;4;0
1035;3;32;1;0
1036;4;39;2;0
1037;2;42;4;8
1038;5;66;3;0
1039;4;43;1;0
1040;5;34;3;1
1041;2;62;2;0
1042;2;45;2;9
1043;2;61;3;1
1044;4;43;3;0
1045;3;45;2;0
1046;2;16;1;0
1047;1;24;3;0
1048;3;26;1;0
1049;4;36;4;0
1050;1;46;4;0
1051;3;22;4;0
1052;2;39;2;1
1053;3;28;4;1
1054;1;16;3;0
1055;2;59;4;1
1056;1;18;2;0
1057;5;44;1;0
1058;4;68;2;0
1059;5;40;2;0
1060;5;30;3;1
1061;4;62;2;0
1062;2;21;3;0
1063;4;20;4;0
1064;2;29;3;0
1065;1;26;1;0
1066;5;61;1;0
1067;4;22;2;0
1068;5;50;1;0
1069;4;73;1;0
1070;5;80;3;1
1071;4;40;3;0
1072;1;18;2;1
1073;4;9;2;0
1074;4;17;3;1
1075;3;41;5;1
1076;3;47;3;0
1077;3;86;2;0
1078;4;42;1;0
1079;5;66;3;0
1080;1;31;3;1
1081;3;34;4;1
1082;3;53;2;0
1083;4;31;1;0
1084;4;33;5;1
1085;3;22;2;0
1086;4;40;1;0
1087;1;33;2;0
1088;3;13;4;0
1089;1;45;4;0
1090;4;66;4;0
1091;4;71;3;0
1092;1;15;2;0
1093;1;22;1;0
1094;2;29;3;0
1095;5;53;1;1
1096;4;36;2;0
1097;2;30;2;0
1098;2;18;2;0
1099;2;45;4;0
1100;5;31;4;0
1101;2;45;4;1
1102;2;18;2;0
1103;3;69;2;0
1104;1;16;3;0
1105;3;88;4;0
1106;2;67;5;1
1107;2;34;2;0
1108;4;59;4;1
1109;5;36;1;0
1110;2;9;1;0
1111;4;27;2;0
1112;1;48;4;0
1113;2;25;2;0
1114;2;21;1;0
1115;2;36;1;0
1116;1;38;2;0
1117;3;55;4;0
1118;5;43;2;0
1119;4;66;1;0
1120;3;77;1;0
1121;3;16;1;0
1122;2;51;4;0
1123;3;57;1;8
1124;3;37;1;0
1125;5;45;4;0
1126;1;35;1;0
1127;3;23;1;1
1128;1;18;2;0
1129;4;58;2;0
1130;4;18;1;0
1131;2;28;2;0
1132;3;94;1;0
1133;3;35;3;0
1134;3;58;5;0
1135;1;10;1;0
1136;3;25;2;0
1137;3;98;2;0
1138;2;41;5;1
1139;5;98;4;1
1140;1;23;4;1
1141;1;34;4;0
1142;2;19;3;1
1143;2;49;1;0
1144;1;16;1;0
1145;5;94;1;0
1146;3;31;2;0
1147;4;9;4;1
1148;4;41;3;1
1149;2;14;3;1
1150;1;31;5;1
1151;4;76;3;0
1152;2;50;1;0
1153;5;63;1;0
1154;4;62;2;0
1155;3;27;4;0
1156;3;25;2;0
1157;1;16;1;0
1158;1;70;3;0
1159;5;16;2;0
1160;2;96;1;0
1161;1;30;3;0
1162;2;30;1;0
1163;1;41;1;0
1164;5;20;1;0
1165;4;47;1;0
1166;1;54;4;1
1167;1;97;4;1
1168;2;91;4;0
1169;3;31;3;1
1170;2;95;2;0
1171;4;82;1;0
1172;3;57;3;1
1173;4;63;2;1
1174;5;53;2;0
1175;4;41;3;1
1176;5;49;1;0
1177;1;24;1;0
1178;5;50;5;1
1179;5;31;3;0
1180;5;31;2;0
1181;1;30;3;1
1182;1;37;3;0
1183;4;25;1;0
1184;2;35;3;0
1185;5;76;1;0
1186;1;23;3;0
1187;3;55;2;0
1188;5;47;3;0
1189;1;33;3;0
1190;1;20;2;8
1191;1;25;4;0
1192;5;21;2;0
1193;2;22;2;9
1194;4;21;3;1
1195;1;64;4;0
1196;2;91;1;8
1197;5;86;2;0
1198;4;25;2;0
1199;2;26;3;0
1200;1;41;4;1
1201;4;57;2;0
1202;3;59;3;0
1203;1;13;2;0
1204;3;50;2;1
1205;5;38;1;1
1206;2;53;2;1
1207;3;19;1;0
1208;5;26;1;0
1209;2;44;1;0
1210;1;17;3;1
1211;3;42;2;0
1212;2;58;2;0
1213;4;54;1;0
1214;4;29;1;0
1215;1;17;3;0
1216;1;35;5;1
1217;3;31;1;0
1218;2;19;3;1
1219;5;28;1;0
1220;5;97;3;1
1221;5;17;1;0
1222;4;39;2;0
1223;4;39;2;1
1224;5;53;2;0
1225;2;18;2;1
1226;5;80;4;0
1227;4;39;2;0
1228;3;46;3;1
1229;1;13;2;0
1230;1;19;1;0
1231;5;38;2;0
1232;3;10;2;0
1233;5;42;3;1
1234;2;67;2;1
1235;5;35;1;0
1236;2;95;4;0
1237;3;29;3;1
1238;2;42;4;0
1239;2;35;4;9
1240;5;47;1;0
1241;2;63;1;0
1242;2;41;4;1
1243;5;59;2;0
1244;4;41;2;0
1245;4;49;2;0
1246;1;27;1;1
1247;1;25;2;0
1248;2;33;3;0
1249;5;52;2;0
1250;4;35;2;0
1251;1;30;2;1
1252;2;30;2;0
1253;1;14;3;1
1254;2;46;4;1
1255;1;18;4;9
1256;3;20;2;0
1257;2;43;3;1
1258;2;30;3;8
1259;5;40;2;0
1260;3;39;3;9
1261;1;44;4;0
1262;4;40;2;0
1263;3;66;1;0
1264;1;29;3;0
1265;5;28;4;8
1266;1;50;1;0
1267;3;43;2;0
1268;2;41;4;1
1269;3;27;2;0
1270;1;28;4;1
1271;2;35;5;0
1272;4;13;4;0
1273;4;85;2;0
1274;2;38;2;0
1275;2;96;4;0
1276;2;43;1;0
1277;2;41;4;1
1278;1;20;4;1
1279;1;59;4;1
1280;2;49;2;0
1281;1;10;4;0
1282;4;34;4;1
1283;2;55;2;1
1284;3;56;4;0
1285;1;22;2;0
1286;4;96;4;0
1287;3;77;2;1
1288;3;90;2;0
1289;3;77;2;1
1290;5;87;2;0
1291;3;28;1;0
1292;1;16;1;0
1293;5;31;4;1
1294;5;33;3;1
1295;2;18;2;0
1296;2;42;3;1
1297;2;20;3;1
1298;2;23;2;0
1299;5;87;3;0
1300;3;61;2;1
1301;4;48;2;1
1302;2;36;4;0
1303;1;53;4;0
1304;2;37;4;0
1305;1;17;2;0
1306;3;96;3;0
1307;3;17;2;0
1308;4;35;2;0
1309;4;28;2;0
1310;5;47;3;1
1311;1;61;4;0
1312;3;54;2;1
1313;5;90;4;0
1314;4;33;2;0
1315;2;35;3;0
1316;1;59;3;1
1317;4;96;2;0
1318;1;52;4;0
1319;2;84;2;0
1320;5;38;2;1
1321;4;25;1;0
1322;3;22;1;0
1323;3;34;4;1
1324;3;87;4;0
1325;5;64;2;0
1326;3;30;4;9
1327;2;43;2;0
1328;1;34;2;0
1329;1;41;5;0
1330;4;67;2;1
1331;2;24;1;0
1332;4;45;1;0
1333;3;44;4;0
1334;2;50;2;0
1335;5;9;2;0
1336;1;67;3;9
1337;1;47;3;0
1338;4;58;5;0
1339;4;21;1;0
1340;5;38;1;0
1341;1;31;3;1
1342;5;98;1;0
1343;4;21;1;0
1344;2;50;5;1
1345;2;64;4;1
1346;3;24;2;0
1347;5;32;1;0
1348;2;31;4;1
1349;2;26;4;0
1350;3;29;2;0
1351;5;18;4;0
1352;5;33;1;0
1353;2;54;4;0
1354;2;29;3;1
1355;1;34;2;0
1356;1;24;3;0
1357;2;52;3;0
1358;2;24;4;0
1359;5;73;2;0
1360;1;27;3;0
1361;2;22;2;0
1362;4;13;1;0
1363;3;30;3;1
1364;5;44;3;1
1365;4;18;1;0
1366;1;32;2;1
1367;1;23;3;0
1368;1;52;3;0
1369;2;84;4;0
1370;2;18;2;0
1371;1;17;4;0
1372;4;31;2;0
1373;3;26;1;0
1374;4;38;5;1
1375;3;16;2;0
1376;1;46;5;1
1377;5;88;2;0
1378;1;29;4;1
1379;3;49;3;0
1380;4;62;2;0
1381;5;24;1;0
1382;5;42;3;1
1383;3;58;1;0
1384;5;38;2;0
1385;1;33;3;0
1386;3;73;3;0
1387;3;65;3;1
1388;2;31;1;0
1389;2;27;3;0
1390;3;36;2;0
1391;3;49;1;0
1392;3;39;1;0
1393;1;38;4;0
1394;2;24;2;1
1395;5;64;4;1
1396;1;21;1;0
1397;5;73;1;1
1398;3;39;4;0
1399;2;60;1;0
1400;2;25;3;1
1401;3;41;2;8
1402;5;68;2;0
1403;2;37;2;0
1404;4;31;4;0
1405;1;34;4;0
1406;2;18;2;0
1407;4;28;4;0
1408;4;33;3;0
1409;4;25;2;0
1410;1;49;4;0
1411;5;18;2;0
1412;2;17;4;8
1413;5;23;1;8
1414;2;57;2;0
1415;1;55;4;0
1416;5;25;4;0
1417;1;38;3;0
1418;2;26;3;1
1419;4;43;2;0
1420;4;39;2;1
1421;4;15;5;1
1422;4;49;1;0
1423;2;33;4;1
1424;3;18;2;0
1425;1;38;2;1
1426;5;20;1;0
1427;3;39;1;0
1428;5;25;2;0
1429;3;90;4;1
1430;1;21;1;0
1431;5;67;4;1
1432;1;47;1;0
1433;5;82;1;0
1434;4;55;2;0
1435;1;23;4;0
1436;4;26;3;0
1437;1;27;3;0
1438;4;51;4;1
1439;5;25;4;0
1440;2;70;2;0
1441;2;28;2;0
1442;5;71;2;0
1443;3;54;2;1
1444;2;19;2;1
1445;3;36;4;0
1446;2;21;4;1
1447;2;34;1;0
1448;1;25;1;0
1449;4;79;2;0
1450;1;67;2;0
1451;4;57;2;0
1452;2;46;4;1
1453;4;72;3;0
1454;4;37;1;0
1455;1;18;2;0
1456;4;31;3;0
1457;2;24;1;0
1458;3;72;2;0
1459;3;28;3;1
1460;1;51;3;0
1461;1;16;4;0
1462;5;43;3;0
1463;3;25;1;1
1464;2;40;1;0
1465;3;80;2;0
1466;1;31;4;1
1467;2;73;3;0
1468;3;23;3;0
1469;5;52;1;0
1470;5;29;1;0
1471;1;28;2;9
1472;4;28;3;1
1473;2;21;2;0
1474;2;90;2;0
1475;5;74;4;9
1476;4;60;4;1
1477;3;22;4;0
1478;5;44;1;0
1479;1;15;2;1
1480;1;26;2;0
1481;1;91;5;1
1482;4;55;2;1
1483;5;61;4;1
1484;2;64;3;0
1485;5;76;1;0
1486;1;32;4;0
1487;2;33;3;0
1488;3;22;3;1
1489;3;32;2;0
1490;5;61;4;0
1491;2;66;4;0
1492;2;31;2;0
1493;2;33;4;0
1494;5;22;1;0
1495;1;14;1;0
1496;2;41;1;0
1497;3;92;4;1
1498;4;31;2;0
1499;4;36;2;0
1500;3;35;1;0
1501;5;93;2;8
1502;1;36;4;1
1503;5;11;3;1
1504;2;30;2;1
1505;1;19;3;0
1506;2;22;2;0
1507;4;29;3;0
1508;4;75;3;0
1509;2;61;2;0
1510;2;25;1;0
1511;1;25;4;0
1512;1;22;3;0
1513;5;70;1;0
1514;5;25;3;9
1515;1;43;2;0
1516;2;23;2;0
1517;4;75;3;0
1518;2;59;4;1
1519;1;21;1;0
1520;1;35;1;0
1521;1;46;5;1
1522;5;95;2;1
1523;5;36;1;0
1524;5;19;4;1
1525;1;32;4;0
1526;2;22;1;8
1527;1;67;3;0
1528;2;18;2;0
1529;5;53;4;0
1530;3;14;2;0
1531;3;46;3;0
1532;5;21;2;0
1533;3;34;4;1
1534;5;13;1;0
1535;3;28;2;0
1536;3;32;1;0
1537;3;75;5;1
1538;5;15;3;0
1539;4;15;5;0
1540;4;50;1;0
1541;1;22;2;0
1542;2;22;3;0
1543;2;34;3;1
1544;4;70;5;1
1545;1;52;1;0
1546;3;36;2;1
1547;3;25;2;0
1548;1;52;5;1
1549;4;35;2;8
1550;4;28;1;0
1551;1;73;4;0
1552;5;66;5;1
1553;2;62;4;0
1554;5;60;1;0
1555;4;48;1;0
1556;4;28;4;0
1557;1;13;3;0
1558;4;93;5;0
1559;5;36;5;1
1560;1;16;2;0
1561;4;17;2;0
1562;3;19;3;0
1563;4;89;2;1
1564;1;39;2;0
1565;1;19;3;0
1566;3;20;2;0
1567;2;24;3;0
1568;5;40;1;0
1569;5;94;3;1
1570;1;32;4;0
1571;1;45;4;1
1572;2;51;2;0
1573;1;16;2;0
1574;1;46;2;0
1575;5;58;3;0
1576;3;23;2;0
1577;5;82;2;0
1578;2;27;1;1
1579;4;34;2;0
1580;5;54;3;0
1581;3;42;3;0
1582;1;39;3;0
1583;5;88;2;0
1584;4;45;1;1
1585;3;18;3;0
1586;2;34;3;0
1587;4;25;1;0
1588;4;64;4;0
1589;2;25;2;1
1590;3;36;2;0
1591;1;19;4;1
1592;4;96;2;0
1593;3;17;1;0
1594;1;78;5;1
1595;2;61;1;0
1596;1;65;2;0
1597;5;45;3;0
1598;3;30;2;0
1599;5;74;2;0
1600;1;29;2;1
1601;2;36;1;0
1602;2;23;4;0
1603;3;27;3;1
1604;5;10;3;0
1605;4;52;3;0
1606;3;10;4;0
1607;3;46;5;1
1608;4;89;2;0
1609;1;88;3;0
1610;2;41;3;0
1611;3;39;2;0
1612;1;48;3;0
1613;3;49;4;0
1614;3;29;2;0
1615;2;24;3;0
1616;3;20;4;0
1617;2;70;2;0
1618;2;27;2;0
1619;2;20;3;1
1620;4;22;1;0
1621;3;42;1;0
1622;4;48;1;0
1623;2;66;4;1
1624;3;9;4;0
1625;2;16;2;0
1626;2;11;1;0
1627;1;31;2;1
1628;3;97;3;0
1629;1;33;4;0
1630;4;44;2;0
1631;3;56;3;0
1632;4;40;3;0
1633;3;73;1;0
1634;4;55;4;0
1635;4;27;4;0
1636;1;18;2;1
1637;1;19;4;1
1638;2;24;1;0
1639;2;58;4;1
1640;4;57;3;0
1641;3;47;4;1
1642;3;63;2;0
1643;2;30;4;1
1644;4;19;1;0
1645;1;34;4;1
1646;4;58;3;1
1647;2;12;1;0
1648;2;24;1;1
1649;1;31;3;0
1650;2;36;3;1
1651;3;25;1;0
1652;2;21;3;0
1653;1;24;2;0
1654;5;64;1;0
1655;4;29;3;0
1656;1;59;5;1
1657;3;55;2;0
1658;5;57;2;0
1659;3;85;2;0
1660;1;58;4;1
1661;1;20;3;0
1662;2;61;1;0
1663;4;31;3;1
1664;2;21;1;0
1665;3;20;2;1
1666;5;55;1;0
1667;4;29;1;1
1668;4;95;3;0
1669;3;62;1;1
1670;4;25;2;1
1671;3;42;2;1
1672;5;37;1;0
1673;3;46;1;0
1674;5;97;1;9
1675;1;29;3;1
1676;5;27;4;1
1677;1;46;3;1
1678;3;31;2;0
1679;3;14;2;0
1680;4;58;2;8
1681;2;78;2;0
1682;4;33;1;0
1683;5;72;2;0
1684;5;79;1;0
1685;1;18;3;1
1686;5;16;3;1
1687;1;25;4;1
1688;3;37;4;1
1689;3;53;1;0
1690;4;55;2;1
1691;2;43;1;1
1692;5;44;2;1
1693;4;14;5;1
1694;3;10;1;0
1695;1;18;3;1
1696;5;55;4;0
1697;2;20;3;1
1698;3;55;4;1
1699;3;58;3;0
1700;2;18;1;0
1701;3;22;2;0
1702;1;13;2;0
1703;4;87;1;1
1704;3;40;3;0
1705;5;65;2;0
1706;4;31;1;0
1707;3;32;4;1
1708;3;50;4;1
1709;1;18;3;0
1710;1;27;3;0
1711;3;45;3;1
1712;4;42;1;0
1713;2;25;1;0
1714;2;50;1;0
1715;5;36;2;0
1716;5;55;2;1
1717;3;27;1;0
1718;3;33;4;0
1719;5;28;2;1
1720;3;69;4;1
1721;5;32;3;1
1722;4;17;3;0
1723;4;30;2;0
1724;3;9;4;0
1725;2;34;3;0
1726;5;76;3;0
1727;2;49;4;0
1728;3;29;1;0
1729;1;21;5;0
1730;4;46;2;0
1731;5;76;1;0
1732;2;33;4;0
1733;2;84;3;1
1734;4;65;2;0
1735;5;97;1;0
1736;5;34;3;0
1737;4;23;2;1
1738;3;28;1;0
1739;1;15;2;0
1740;2;48;4;0
1741;2;45;5;0
1742;2;14;1;1
1743;1;35;2;0
1744;3;57;1;0
1745;3;25;2;0
1746;5;10;3;0
1747;3;63;3;0
1748;2;41;2;0
1749;3;42;2;1
1750;4;22;2;1
1751;2;14;3;1
1752;2;28;4;0
1753;2;43;2;0
1754;4;27;2;0
1755;2;27;2;0
1756;4;18;1;0
1757;2;44;2;0
1758;2;28;4;0
1759;2;50;2;0
1760;4;63;3;0
1761;5;53;4;1
1762;5;64;4;0
1763;1;28;5;1
1764;4;49;2;1
1765;4;10;1;0
1766;4;92;4;0
1767;4;79;3;9
1768;5;35;4;0
1769;2;40;2;0
1770;2;36;1;0
1771;4;88;3;0
1772;1;19;3;0
1773;3;74;3;1
1774;4;85;5;1
1775;3;36;2;0
1776;3;46;4;1
1777;1;29;3;1
1778;2;24;2;0
1779;3;69;2;1
1780;5;28;1;0
1781;1;22;3;0
1782;1;49;4;0
1783;1;41;2;0
1784;1;26;3;8
1785;2;16;4;0
1786;1;19;1;0
1787;3;25;3;1
1788;3;28;1;0
1789;1;22;3;1
1790;3;69;4;0
1791;3;28;1;8
1792;5;97;1;0
1793;3;51;5;0
1794;5;37;2;0
1795;2;30;1;0
1796;2;21;2;0
1797;5;92;3;1
1798;1;29;2;0
1799;3;15;2;8
1800;2;18;4;1
1801;2;19;2;0
1802;1;54;3;1
1803;5;52;1;9
1804;1;25;2;0
1805;1;20;2;0
1806;1;38;5;0
1807;3;64;3;0
1808;1;19;4;1
1809;1;15;2;0
1810;5;84;2;0
1811;5;58;4;0
1812;5;30;2;0
1813;2;50;1;0
1814;1;22;5;0
1815;2;31;1;0
1816;3;66;2;0
1817;4;33;2;0
1818;1;22;2;0
1819;3;18;1;1
1820;2;40;2;1
1821;2;92;3;0
1822;3;45;3;0
1823;3;88;2;0
1824;4;48;1;0
1825;5;27;3;0
1826;5;34;1;0
1827;1;32;4;0
1828;2;25;4;0
1829;1;21;3;1
1830;5;20;3;0
1831;1;25;1;0
1832;4;65;3;0
1833;5;55;2;0
1834;1;24;3;0
1835;1;28;4;1
1836;1;35;4;0
1837;3;96;2;0
1838;1;58;3;1
1839;4;56;3;0
1840;2;37;3;1
1841;3;21;1;0
1842;5;83;3;0
1843;5;20;2;0
1844;2;17;1;0
1845;5;18;2;0
1846;5;92;2;0
1847;1;44;3;1
1848;4;41;1;0
1849;1;25;2;0
1850;2;15;2;0
1851;3;97;4;8
1852;2;58;4;0
1853;1;87;5;0
1854;1;39;4;0
1855;3;28;4;1
1856;2;67;2;0
1857;3;28;2;9
1858;1;64;3;1
1859;2;26;1;0
1860;5;67;4;0
1861;4;38;4;0
1862;2;49;3;8
1863;1;38;4;9
1864;1;24;1;0
1865;5;61;1;1
1866;5;22;4;1
1867;5;74;1;0
1868;5;85;3;0
1869;1;45;2;0
1870;2;31;2;0
1871;2;33;4;0
1872;1;23;1;0
1873;4;67;2;1
1874;3;22;2;0
1875;1;34;3;0
1876;2;27;1;0
1877;3;61;4;1
1878;1;22;1;0
1879;5;52;1;8
1880;5;29;1;0
1881;1;26;1;0
1882;1;26;4;0
1883;5;36;5;1
1884;5;69;1;0
1885;3;26;1;0
1886;1;21;1;0
1887;3;24;1;1
1888;2;52;2;0
1889;2;62;2;0
1890;3;62;1;0
1891;4;73;2;0
1892;3;15;3;0
1893;3;83;3;0
1894;3;57;2;0
1895;4;60;3;0
1896;3;70;4;1
1897;5;93;1;0
1898;4;75;1;0
1899;4;69;1;0
1900;3;29;1;0
1901;2;36;2;1
1902;1;16;2;0
1903;4;15;2;0
1904;5;42;3;0
1905;2;43;1;0
1906;2;46;4;0
1907;3;30;2;0
1908;2;21;3;0
1909;3;23;1;0
1910;3;24;1;0
1911;3;49;3;0
1912;2;19;1;0
1913;4;33;3;0
1914;3;83;1;0
1915;5;76;1;0
1916;3;46;2;1
1917;4;60;1;0
1918;4;36;4;0
1919;4;27;4;0
1920;1;34;2;0
1921;5;91;2;0
1922;3;35;3;1
1923;5;53;2;0
1924;3;51;4;0
1925;4;62;3;0
1926;2;46;4;1
1927;5;35;2;0
1928;4;55;1;0
1929;1;37;4;1
1930;4;83;1;8
1931;3;20;3;1
1932;2;35;2;8
1933;3;28;1;0
1934;4;92;3;0
1935;4;9;2;0
1936;4;20;2;0
1937;2;27;4;0
1938;4;25;1;0
1939;5;58;2;0
1940;3;60;4;1
1941;2;30;1;0
1942;2;75;2;1
1943;1;50;3;8
1944;3;42;5;1
1945;4;86;2;0
1946;1;37;2;1
1947;4;39;1;0
1948;1;41;3;0
1949;2;52;4;8
1950;1;24;2;0
1951;4;27;2;0
1952;3;67;4;1
1953;2;88;1;0
1954;2;31;2;0
1955;1;60;3;0
1956;4;55;4;1
1957;3;34;2;0
1958;5;50;1;0
1959;4;55;3;0
1960;5;23;3;1
1961;5;68;2;0
1962;3;39;2;0
1963;3;38;4;0
1964;3;57;1;0
1965;1;49;2;0
1966;5;19;1;0
1967;3;33;3;0
1968;3;65;2;0
1969;3;51;1;1
1970;2;59;4;0
1971;5;82;4;0
1972;4;47;2;0
1973;3;28;3;0
1974;2;53;4;1
1975;3;71;2;0
1976;1;38;1;0
1977;5;92;1;0
1978;3;26;2;9
1979;1;37;1;0
1980;5;9;3;0
1981;5;27;1;0
1982;1;27;1;0
1983;1;15;2;0
1984;4;85;5;0
1985;1;42;1;0
1986;4;48;4;9
1987;4;29;4;0
1988;1;26;4;1
1989;1;30;3;1
1990;4;62;4;1
1991;1;26;3;0
1992;3;32;1;0
1993;4;48;2;0
1994;2;50;3;0
1995;5;42;2;0
1996;4;46;1;0
1997;3;20;2;0
1998;2;34;1;0
1999;4;42;3;0
2000;2;24;3;0
2001;2;34;2;0
2002;1;59;3;1
2003;1;44;3;1
2004;3;25;4;1
2005;3;41;1;0
2006;1;18;4;1
2007;4;40;3;0
2008;5;69;2;0
2009;4;28;2;1
2010;5;61;2;0
2011;2;19;3;1
2012;2;20;1;0
2013;4;98;3;0
2014;3;48;3;8
2015;2;51;2;0
2016;1;55;4;0
2017;5;27;3;1
2018;3;40;3;0
2019;4;19;2;1
2020;2;32;4;0
2021;2;43;5;0
2022;5;80;2;0
2023;2;47;2;0
2024;1;34;4;1
2025;1;26;1;0
2026;4;27;5;0
2027;3;36;2;0
2028;3;94;5;1
2029;4;35;1;0
2030;3;80;4;0
2031;3;30;1;0
2032;4;37;1;0
2033;1;23;1;0
2034;2;62;3;0
2035;3;62;3;0
2036;2;37;2;0
2037;4;97;4;1
2038;2;89;3;1
2039;1;32;3;0
2040;2;38;1;0
2041;5;27;4;0
2042;3;21;1;0
2043;2;41;3;0
2044;1;27;1;0
2045;1;47;4;0
2046;2;47;3;1
2047;3;40;2;0
2048;2;18;1;0
2049;3;29;2;0
2050;1;43;3;0
2051;3;74;3;0
2052;2;68;3;1
2053;2;19;1;0
2054;1;28;4;1
2055;3;44;3;0
2056;3;30;2;0
2057;3;49;1;0
2058;2;49;5;1
2059;1;24;3;1
2060;1;17;2;0
2061;1;72;2;0
2062;3;52;3;0
2063;2;25;3;1
2064;4;61;1;0
2065;2;54;3;0
2066;5;83;2;0
2067;3;45;2;0
2068;3;26;2;1
2069;1;29;2;0
2070;5;80;3;1
2071;2;40;2;0
2072;3;32;2;0
2073;4;34;3;0
2074;3;56;1;0
2075;3;31;3;1
2076;1;23;2;0
2077;1;36;3;0
2078;4;46;4;0
2079;2;46;2;0
2080;3;23;3;0
2081;1;90;2;0
2082;4;36;3;0
2083;1;26;1;1
2084;4;45;2;0
2085;1;42;3;0
2086;4;40;2;9
2087;4;44;4;1
2088;1;23;3;0
2089;4;40;2;0
2090;1;45;3;0
2091;2;31;2;0
2092;1;25;4;1
2093;1;23;2;1
2094;4;47;3;1
2095;2;24;1;0
2096;1;67;2;0
2097;5;83;2;0
2098;4;73;1;0
2099;3;37;1;0
2100;2;39;4;0
2101;5;72;4;0
2102;3;21;1;0
2103;2;54;3;1
2104;4;42;1;0
2105;1;14;3;1
2106;3;38;3;0
2107;1;35;4;0
2108;1;18;2;0
2109;2;31;1;0
2110;3;41;5;0
2111;1;36;1;0
2112;5;42;4;0
2113;4;44;1;0
2114;4;73;4;0
2115;2;51;4;0
2116;3;36;2;0
2117;4;37;2;0
2118;3;66;2;1
2119;5;52;4;1
2120;4;28;2;0
2121;4;94;2;0
2122;2;56;3;0
2123;2;25;3;9
2124;3;13;2;0
2125;1;50;3;1
2126;5;62;2;0
2127;5;53;4;0
2128;2;47;4;1
2129;2;25;4;0
2130;3;26;1;0
2131;3;42;4;1
2132;1;26;2;0
2133;2;12;1;0
2134;2;38;3;0
2135;4;28;2;1
2136;1;28;4;0
2137;1;36;3;1
2138;3;32;3;0
2139;2;23;2;0
2140;3;32;2;0
2141;5;19;1;0
2142;3;74;2;1
2143;2;21;4;1
2144;1;49;4;0
2145;4;51;3;0
2146;3;30;3;0
2147;1;23;5;1
2148;4;56;1;0
2149;3;23;2;0
2150;1;53;2;0
2151;3;19;1;8
2152;4;31;2;1
2153;4;29;1;0
2154;4;68;1;9
2155;3;51;3;0
2156;3;31;2;0
2157;4;23;2;0
2158;2;25;2;0
2159;3;54;3;1
2160;5;56;2;8
2161;3;81;2;0
2162;2;29;2;1
2163;5;47;3;0
2164;4;45;3;0
2165;2;27;2;0
2166;4;36;4;0
2167;1;34;3;0
2168;3;61;4;0
2169;3;22;4;0
2170;1;30;5;0
2171;3;24;1;0
2172;1;82;4;1
2173;5;33;1;1
2174;4;38;3;0
2175;4;30;1;0
2176;1;18;5;0
2177;2;36;2;0
2178;3;22;2;0
2179;2;74;4;1
2180;1;26;1;0
2181;5;90;5;0
2182;5;67;3;0
2183;3;32;1;1
2184;1;51;4;1
2185;2;26;4;0
2186;3;38;3;1
2187;2;16;1;0
2188;5;39;1;9
2189;1;55;1;0
2190;3;38;2;0
2191;4;32;4;0
2192;2;30;4;1
2193;1;39;2;0
2194;3;96;4;1
2195;4;66;1;0
2196;3;32;4;0
2197;4;23;1;0
2198;4;41;5;0
2199;1;15;2;9
2200;4;59;4;1
2201;2;27;1;0
2202;1;29;2;0
2203;5;39;2;0
2204;1;40;4;0
2205;4;27;1;0
2206;1;26;4;1
2207;4;97;1;0
2208;2;61;3;1
2209;5;97;4;0
2210;2;97;2;0
2211;2;65;5;0
2212;1;45;1;0
2213;4;33;4;0
2214;2;32;2;1
2215;1;30;4;0
2216;4;18;2;0
2217;2;32;1;0
2218;1;20;4;0
2219;3;30;4;1
2220;3;53;4;0
2221;3;32;2;0
2222;2;16;1;0
2223;2;60;4;1
2224;5;50;3;1
2225;4;41;1;0
2226;1;34;2;0
2227;1;24;1;0
2228;3;24;1;0
2229;3;20;4;0
2230;1;31;1;0
2231;5;83;2;0
2232;2;48;5;1
2233;5;40;4;0
2234;1;32;2;0
2235;4;69;5;1
2236;1;21;2;0
2237;4;46;1;0
2238;1;25;2;1
2239;1;48;1;8
2240;5;36;1;0
2241;3;63;1;0
2242;5;65;1;0
2243;2;82;3;0
2244;5;62;1;0
2245;4;92;2;0
2246;2;77;5;1
2247;1;34;2;1
2248;2;58;1;0
2249;1;27;4;0
2250;1;25;3;1
2251;4;18;2;1
2252;2;34;2;0
2253;3;50;3;0
2254;2;23;3;0
2255;1;20;1;0
2256;1;39;2;0
2257;4;57;1;0
2258;5;16;1;0
2259;1;18;2;1
2260;3;32;1;0
2261;5;86;3;0
2262;3;46;4;1
2263;4;31;3;1
2264;1;23;1;0
2265;2;10;4;0
2266;2;65;2;0
2267;4;95;4;0
2268;1;59;4;0
2269;4;91;2;0
2270;3;69;4;1
2271;2;19;3;9
2272;3;18;3;0
2273;4;83;1;0
2274;2;20;4;0
2275;2;54;2;0
2276;2;26;1;0
2277;3;12;1;0
2278;5;32;2;0
2279;3;77;5;0
2280;4;53;3;0
2281;1;27;4;1
2282;3;38;1;0
2283;2;34;1;0
2284;5;31;3;0
2285;4;25;1;0
2286;5;49;3;0
2287;4;26;1;0
2288;3;36;3;0
2289;3;52;2;9
2290;1;45;4;1
2291;5;76;1;0
2292;1;60;3;1
2293;2;14;4;0
2294;1;19;4;0
2295;3;68;4;1
2296;4;74;1;1
2297;1;85;4;0
2298;3;36;5;0
2299;4;63;2;0
2300;2;30;1;0
2301;4;27;3;1
2302;2;60;3;0
2303;2;88;4;0
2304;5;71;2;0
2305;4;14;3;0
2306;2;56;2;0
2307;2;19;3;0
2308;3;21;3;0
2309;3;17;3;0
2310;3;19;1;0
2311;2;27;4;0
2312;3;43;3;0
2313;3;20;2;9
2314;5;70;4;0
2315;3;17;1;1
2316;2;68;2;0
2317;4;87;1;0
2318;2;45;2;0
2319;2;27;3;1
2320;2;17;1;1
2321;3;37;3;1
2322;2;84;4;1
2323;3;20;5;0
2324;3;88;4;1
2325;3;52;2;0
2326;1;27;3;0
2327;3;20;3;0
2328;1;28;2;1
2329;2;35;2;0
2330;4;22;4;0
2331;1;38;1;0
2332;1;62;5;0
2333;1;26;1;0
2334;2;28;4;0
2335;5;50;1;0
2336;1;45;5;1
2337;5;66;3;1
2338;4;27;1;0
2339;2;27;1;0
2340;3;44;4;0
2341;3;15;1;0
2342;1;29;1;9
2343;4;36;2;0
2344;4;22;1;0
2345;2;46;1;0
2346;3;45;2;1
2347;3;43;4;0
2348;3;35;2;0
2349;4;57;2;0
2350;5;60;1;0
2351;3;30;4;0
2352;3;57;2;0
2353;2;70;2;0
2354;5;58;4;0
2355;3;26;4;0
2356;1;27;3;1
2357;3;49;4;0
2358;5;71;1;0
2359;5;43;3;1
2360;3;24;4;0
2361;3;46;2;0
2362;4;93;5;1
2363;4;34;3;0
2364;5;67;3;1
2365;5;53;2;1
2366;2;28;2;0
2367;1;48;4;0
2368;5;22;2;0
2369;1;27;1;0
2370;1;18;2;1
2371;3;51;4;0
2372;4;30;4;1
2373;1;21;2;0
2374;4;43;3;0
2375;2;21;2;0
2376;4;18;2;1
2377;2;78;4;1
2378;4;57;3;0
2379;3;75;5;1
2380;4;23;4;0
2381;2;27;3;1
2382;1;12;4;1
2383;2;38;3;1
2384;4;53;3;1
2385;3;73;2;0
2386;2;94;2;0
2387;1;24;4;1
2388;2;73;4;0
2389;1;35;2;0
2390;4;42;1;0
2391;1;25;1;0
2392;4;25;4;0
2393;4;22;1;0
2394;3;33;3;1
2395;1;33;4;1
2396;2;24;1;0
2397;5;35;5;1
2398;1;45;2;1
2399;2;20;2;0
2400;4;36;4;0
2401;5;96;2;1
2402;3;21;1;0
2403;2;31;1;0
2404;1;93;4;0
2405;4;90;2;0
2406;2;46;3;1
2407;5;66;4;0
2408;3;20;3;0
2409;1;14;1;1
2410;2;20;3;1
2411;3;45;1;9
2412;1;28;3;1
2413;4;55;1;0
2414;4;36;4;0
2415;4;19;1;0
2416;2;32;4;0
2417;2;28;2;1
2418;3;95;1;0
2419;5;65;4;1
2420;2;57;4;8
2421;2;61;4;1
2422;2;28;4;0
2423;1;47;4;0
2424;5;79;3;0
2425;3;61;4;1
2426;3;28;3;0
2427;3;44;1;0
2428;2;31;4;1
2429;4;47;1;0
2430;4;47;1;0
2431;2;28;4;0
2432;2;79;3;0
2433;5;82;2;0
2434;4;69;3;0
2435;1;37;3;1
2436;1;33;4;1
2437;2;14;5;1
2438;5;54;3;1
2439;4;46;2;0
2440;3;55;3;1
2441;3;62;5;1
2442;4;65;2;0
2443;5;44;5;1
2444;1;23;2;0
2445;2;21;2;1
2446;4;65;4;1
2447;4;48;1;0
2448;5;53;2;0
2449;3;71;3;1
2450;5;90;3;0
2451;4;31;4;0
2452;2;41;1;0
2453;3;24;3;0
2454;2;24;4;9
2455;5;32;1;0
2456;4;90;1;0
2457;1;19;3;0
2458;4;33;1;0
2459;4;45;2;0
2460;3;50;2;1
2461;1;23;1;0
2462;5;64;1;0
2463;1;27;2;1
2464;1;17;2;0
2465;5;45;2;0
2466;3;54;2;1
2467;5;30;2;0
2468;2;43;4;8
2469;3;73;4;9
2470;3;26;2;0
2471;2;75;2;0
2472;5;62;2;0
2473;5;29;3;0
2474;2;37;2;0
2475;3;20;1;0
2476;1;27;2;0
2477;3;60;1;0
2478;5;15;1;0
2479;2;31;2;0
2480;3;40;2;0
2481;3;68;1;0
2482;1;17;3;0
2483;2;49;1;0
2484;4;26;2;0
2485;1;24;3;1
2486;3;26;3;0
2487;1;49;1;0
2488;1;50;3;0
2489;1;23;2;0
2490;4;44;3;0
2491;1;31;3;1
2492;2;13;2;0
2493;3;50;3;0
2494;1;20;3;0
2495;3;47;4;0
2496;1;23;4;1
2497;1;59;2;0
2498;2;18;3;0
2499;4;49;1;0
2500;4;39;1;0
2501;3;40;1;9
2502;1;32;4;0
2503;3;62;4;0
2504;2;27;3;0
2505;2;25;1;0
2506;5;53;4;1
2507;4;75;3;0
2508;3;56;3;1
2509;3;19;1;0
2510;2;38;1;1
2511;5;47;1;0
2512;1;93;5;0
2513;5;31;3;0
2514;4;21;2;1
2515;1;45;2;0
2516;1;54;3;0
2517;1;19;1;0
2518;5;27;3;1
2519;3;86;2;0
2520;1;27;3;1
2521;3;67;2;0
2522;3;44;3;0
2523;3;40;3;0
2524;5;85;1;0
2525;3;16;4;1
2526;2;54;3;0
2527;3;63;1;0
2528;5;69;1;0
2529;4;31;2;1
2530;1;19;4;9
2531;1;34;1;0
2532;3;59;2;0
2533;1;60;3;0
2534;3;45;3;1
2535;4;61;3;0
2536;3;38;2;0
2537;5;11;2;0
2538;2;28;1;0
2539;4;22;2;0
2540;4;44;2;0
2541;4;91;1;0
2542;3;71;2;9
2543;2;85;3;0
2544;3;29;3;0
2545;1;62;5;1
2546;5;38;2;1
2547;3;78;4;0
2548;2;72;2;0
2549;2;34;2;0
2550;4;47;3;0
2551;5;55;4;0
2552;2;18;4;1
2553;1;22;2;0
2554;1;32;2;0
2555;3;19;1;1
2556;2;83;5;1
2557;2;23;4;1
2558;2;37;4;1
2559;4;30;4;0
2560;3;82;4;0
2561;4;39;2;0
2562;1;20;4;1
2563;5;62;2;0
2564;5;53;3;0
2565;4;40;3;0
2566;1;22;4;0
2567;2;33;3;0
2568;4;73;1;0
2569;2;32;3;0
2570;1;25;2;0
2571;4;87;5;0
2572;5;27;1;0
2573;2;89;2;0
2574;2;24;3;0
2575;2;17;1;0
2576;3;16;1;0
2577;4;46;1;0
2578;5;43;1;0
2579;3;40;3;0
2580;2;53;2;1
2581;1;16;1;0
2582;5;80;2;0
2583;5;38;2;1
2584;3;32;4;1
2585;3;65;1;0
2586;4;53;1;0
2587;3;41;2;0
2588;2;21;2;0
2589;1;90;3;0
2590;3;96;3;0
2591;2;40;4;0
2592;4;40;3;1
2593;2;86;4;0
2594;3;84;2;1
2595;2;40;2;0
2596;2;46;4;0
2597;3;39;4;1
2598;3;16;3;0
2599;5;69;4;1
2600;4;95;2;1
2601;4;62;2;0
2602;3;30;2;0
2603;4;58;1;0
2604;3;9;1;0
2605;1;26;2;0
2606;4;61;2;0
2607;2;55;4;0
2608;2;33;3;0
2609;3;25;4;1
2610;1;20;2;0
2611;2;10;4;0
2612;3;91;4;1
2613;4;29;2;0
2614;1;19;3;0
2615;4;24;2;0
2616;2;20;2;0
2617;5;22;3;0
2618;1;40;4;0
2619;3;33;3;0
2620;3;58;2;0
2621;2;32;4;1
2622;3;50;4;1
2623;1;20;1;0
2624;5;28;1;0
2625;1;35;2;0
2626;4;25;2;0
2627;2;23;1;0
2628;5;51;2;0
2629;1;29;3;0
2630;4;23;4;9
2631;1;32;4;1
2632;2;31;2;0
2633;1;23;1;0
2634;2;20;1;0
2635;5;73;4;0
2636;1;81;5;1
2637;2;16;2;0
2638;1;66;4;0
2639;4;97;3;0
2640;3;35;2;0
2641;3;70;1;0
2642;4;40;5;1
2643;3;21;2;0
2644;3;18;4;8
2645;1;39;4;1
2646;1;30;5;0
2647;4;33;3;0
2648;2;34;1;0
2649;4;62;1;0
2650;5;26;2;0
2651;1;21;4;9
2652;4;16;2;0
2653;1;54;3;0
2654;2;26;3;0
2655;4;62;1;1
2656;2;76;3;1
2657;2;28;2;0
2658;3;30;2;0
2659;3;23;3;0
2660;5;83;3;8
2661;2;34;1;0
2662;2;58;2;0
2663;4;67;2;1
2664;1;33;2;0
2665;5;83;2;1
2666;1;32;2;0
2667;1;32;3;1
2668;5;68;3;0
2669;1;75;5;1
2670;2;26;2;9
2671;4;45;2;0
2672;4;30;1;0
2673;5;42;4;0
2674;1;22;1;0
2675;1;38;3;0
2676;3;22;1;0
2677;3;77;4;0
2678;4;45;4;0
2679;1;21;1;1
2680;4;32;2;0
2681;2;31;2;0
2682;1;18;3;0
2683;3;57;5;1
2684;5;80;2;0
2685;2;17;5;0
2686;5;84;3;8
2687;2;20;2;0
2688;5;72;1;0
2689;2;32;2;1
2690;3;36;2;0
2691;2;82;1;0
2692;1;48;2;1
2693;2;61;3;0
2694;2;23;2;0
2695;2;18;3;0
2696;1;34;1;0
2697;3;69;2;0
2698;2;23;3;8
2699;5;56;2;0
2700;2;80;1;0
2701;2;59;4;0
2702;4;31;2;0
2703;3;34;2;1
2704;1;22;4;0
2705;4;74;1;0
2706;3;20;1;0
2707;2;60;2;0
2708;3;39;3;0
2709;3;20;3;0
2710;3;24;3;0
2711;2;44;4;0
2712;3;85;2;0
2713;1;28;5;0
2714;2;23;1;0
2715;4;90;3;0
2716;1;14;2;0
2717;2;27;4;0
2718;2;24;1;0
2719;4;73;3;0
2720;3;64;2;1
2721;2;46;2;1
2722;2;38;4;1
2723;4;63;1;0
2724;4;66;4;0
2725;2;49;1;0
2726;5;77;2;1
2727;3;31;1;0
2728;4;49;2;0
2729;2;39;5;1
2730;3;37;4;1
2731;4;25;1;0
2732;2;25;2;0
2733;1;19;4;0
2734;3;24;4;0
2735;2;21;2;0
2736;4;46;2;0
2737;3;17;1;0
2738;4;53;3;0
2739;4;33;1;0
2740;4;92;4;1
2741;1;11;4;0
2742;3;10;1;0
2743;1;23;4;1
2744;3;22;3;1
2745;5;87;2;0
2746;4;33;2;0
2747;4;26;3;0
2748;5;29;2;0
2749;2;23;3;0
2750;3;65;2;0
2751;3;34;1;0
2752;3;75;2;1
2753;5;53;1;0
2754;1;17;3;0
2755;4;23;1;0
2756;3;73;2;0
2757;1;16;5;0
2758;4;33;4;0
2759;3;39;2;0
2760;4;26;2;0
2761;5;85;3;9
2762;3;13;3;0
2763;1;28;2;0
2764;1;76;2;0
2765;2;26;2;0
2766;5;30;5;0
2767;1;32;2;1
2768;1;52;2;0
2769;2;31;4;0
2770;3;86;5;0
2771;1;31;3;0
2772;3;82;4;0
2773;2;34;3;0
2774;4;33;1;0
2775;4;85;4;0
2776;4;17;1;1
2777;3;70;3;0
2778;1;34;1;0
2779;4;35;2;0
2780;1;39;2;0
2781;1;49;2;0
2782;3;78;1;0
2783;3;28;4;0
2784;1;14;3;1
2785;2;80;3;1
2786;3;53;5;1
2787;2;36;4;1
2788;4;23;2;0
2789;2;27;2;0
2790;3;19;1;0
2791;5;12;2;0
2792;4;34;2;0
2793;4;25;2;0
2794;4;47;2;0
2795;4;79;4;1
2796;3;41;3;0
2797;2;67;2;1
2798;2;57;1;0
2799;2;44;2;0
2800;5;90;4;1
2801;3;28;1;0
2802;5;37;4;0
2803;4;90;1;0
2804;3;90;2;0
2805;1;84;3;1
2806;1;22;2;0
2807;3;28;1;0
2808;3;31;3;0
2809;1;20;3;0
2810;5;51;3;0
2811;5;74;4;1
2812;4;74;1;0
2813;2;46;2;1
2814;4;45;4;0
2815;2;37;4;1
2816;1;38;2;1
2817;3;65;3;0
2818;5;28;2;0
2819;2;22;1;0
2820;4;18;3;0
2821;5;37;4;0
2822;1;28;4;0
2823;2;27;3;9
2824;4;78;3;0
2825;5;49;2;0
2826;4;46;1;1
2827;4;30;2;1
2828;4;12;4;0
2829;5;69;1;0
2830;3;20;1;0
2831;1;26;2;0
2832;4;21;2;1
2833;4;64;4;1
2834;4;73;2;0
2835;1;26;4;1
2836;4;28;3;1
2837;4;44;3;0
2838;4;60;1;0
2839;3;23;3;0
2840;1;30;4;0
2841;1;32;2;0
2842;2;36;2;0
2843;3;25;2;0
2844;1;55;4;1
2845;1;36;4;0
2846;5;66;1;0
2847;5;24;2;0
2848;2;28;3;0
2849;1;70;4;1
2850;5;92;1;0
2851;2;23;1;0
2852;1;28;3;1
2853;5;29;1;0
2854;1;44;2;1
2855;4;75;2;1
2856;3;67;4;0
2857;4;32;4;1
2858;4;40;2;0
2859;4;50;1;0
2860;2;16;2;0
2861;5;70;1;0
2862;4;85;3;1
2863;1;11;2;0
2864;3;79;2;0
2865;1;69;3;1
2866;5;68;1;1
2867;3;69;4;0
2868;1;31;2;0
2869;3;34;2;1
2870;3;95;4;1
2871;2;32;4;0
2872;5;46;4;9
2873;4;50;1;0
2874;4;33;1;8
2875;1;23;3;0
2876;4;42;1;0
2877;3;20;2;0
2878;3;39;1;0
2879;3;71;2;0
2880;3;64;3;0
2881;1;25;3;1
2882;1;22;5;1
2883;3;37;4;1
2884;5;65;1;0
2885;2;20;3;0
2886;4;72;4;0
2887;5;39;2;0
2888;4;32;4;1
2889;4;38;1;0
2890;2;20;1;8
2891;5;16;3;0
2892;1;71;3;0
2893;3;29;2;0
2894;2;33;2;0
2895;2;18;1;0
2896;4;21;4;1
2897;3;86;5;0
2898;4;29;4;0
2899;1;26;3;0
2900;2;49;4;1
2901;5;20;5;1
2902;3;49;1;0
2903;4;31;3;0
2904;4;29;1;0
2905;1;61;4;1
2906;1;29;2;0
2907;4;62;1;0
2908;4;47;2;0
2909;1;34;2;1
2910;3;19;3;1
2911;2;59;1;0
2912;3;60;4;1
2913;5;96;2;0
2914;2;31;2;0
2915;1;19;2;9
2916;5;40;2;8
2917;2;42;4;1
2918;4;56;2;0
2919;3;14;3;0
2920;2;24;1;0
2921;1;61;5;1
2922;4;39;2;0
2923;2;36;4;0
2924;3;26;3;0
2925;5;39;4;1
2926;3;95;2;1
2927;2;32;3;0
2928;1;27;2;0
2929;4;31;2;0
2930;3;36;3;8
2931;3;37;5;0
2932;1;36;3;1
2933;4;70;1;0
2934;2;15;1;0
2935;1;18;2;1
2936;4;25;5;1
2937;1;19;4;0
2938;3;87;4;1
2939;4;55;4;1
2940;4;40;4;0
2941;2;32;5;1
2942;4;59;1;1
2943;2;77;4;1
2944;5;63;2;1
2945;5;86;2;8
2946;2;38;1;0
2947;3;72;3;0
2948;5;26;2;0
2949;1;33;3;1
2950;2;53;1;0
2951;2;25;2;1
2952;4;62;1;0
2953;1;33;3;1
2954;3;25;1;0
2955;2;36;1;0
2956;1;38;2;0
2957;3;17;1;0
2958;2;57;2;0
2959;2;18;2;0
2960;3;70;2;0
2961;3;90;2;0
2962;4;43;4;0
2963;3;32;2;0
2964;5;66;3;0
2965;3;86;2;1
2966;4;22;2;0
2967;1;21;3;0
2968;1;16;5;1
2969;1;34;2;0
2970;2;44;3;0
2971;2;10;4;1
2972;5;71;1;0
2973;4;20;1;9
2974;4;66;2;1
2975;3;80;2;1
2976;4;56;4;1
2977;4;78;4;0
2978;5;45;2;1
2979;4;26;4;0
2980;5;48;2;0
2981;4;38;4;0
2982;5;25;3;0
2983;4;28;2;0
2984;4;28;2;0
2985;1;39;4;1
2986;5;29;1;0
2987;5;40;2;0
2988;5;21;1;0
2989;4;25;2;0
2990;3;19;2;0
2991;4;32;3;1
2992;2;21;3;0
2993;1;23;2;0
2994;1;30;4;0
2995;5;95;4;0
2996;3;29;2;0
2997;1;45;1;0
2998;2;39;3;1
2999;5;29;2;1
3000;5;22;1;0
3001;4;26;3;0
3002;1;28;1;9
3003;1;53;2;0
3004;1;31;2;0
3005;1;58;4;0
3006;1;56;3;0
3007;5;55;2;0
3008;2;86;1;0
3009;3;47;2;1
3010;4;32;3;1
3011;4;37;3;0
3012;1;16;3;0
3013;1;38;1;0
3014;3;17;1;0
3015;2;18;1;0
3016;5;96;5;1
3017;4;34;3;8
3018;2;30;1;9
3019;2;23;3;1
3020;4;50;3;0
3021;5;61;2;1
3022;5;45;2;0
3023;3;35;3;1
3024;4;45;2;0
3025;1;50;4;1
3026;3;25;2;0
3027;2;45;4;9
3028;5;55;3;1
3029;2;34;1;0
3030;1;53;4;0
3031;4;30;1;0
3032;5;50;3;0
3033;3;33;2;0
3034;1;61;4;0
3035;1;30;3;1
3036;2;18;2;0
3037;2;21;4;0
3038;1;38;3;0
3039;3;37;3;0
3040;1;10;2;0
3041;2;35;4;1
3042;3;39;2;0
3043;3;20;3;0
3044;4;24;2;0
3045;1;12;4;1
3046;5;25;1;1
3047;4;36;2;1
3048;5;40;2;0
3049;2;28;1;0
3050;3;33;3;0
3051;3;30;2;1
3052;1;40;1;0
3053;4;54;2;0
3054;1;38;2;0
3055;3;24;1;0
3056;2;62;3;1
3057;2;83;1;0
3058;2;33;5;1
3059;4;26;1;0
3060;2;17;2;0
3061;1;32;1;0
3062;5;75;1;0
3063;2;18;1;0
3064;5;52;1;0
3065;4;75;2;0
3066;4;93;5;1
3067;2;34;3;0
3068;2;53;3;0
3069;3;27;2;0
3070;1;65;2;0
3071;2;60;2;1
3072;3;46;2;0
3073;3;53;1;0
3074;2;61;4;0
3075;3;68;3;1
3076;1;48;5;1
3077;5;36;3;1
3078;1;44;5;1
3079;3;63;1;0
3080;4;41;2;1
3081;5;70;2;0
3082;4;34;4;0
3083;1;49;2;1
3084;3;41;2;0
3085;2;58;3;1
3086;1;29;1;0
3087;3;42;5;1
3088;3;9;3;0
3089;4;62;3;1
3090;2;86;5;1
3091;4;46;2;0
3092;5;52;2;1
3093;2;80;2;0
3094;3;82;2;0
3095;4;64;1;0
3096;5;10;1;0
3097;1;89;3;0
3098;2;42;4;0
3099;3;58;5;1
3100;3;30;2;0
3101;1;32;2;1
3102;4;77;2;1
3103;4;68;4;1
3104;3;41;2;0
3105;1;26;2;0
3106;4;71;1;0
3107;1;28;4;0
3108;1;16;1;0
3109;3;54;2;0
3110;2;20;2;0
3111;4;37;4;1
3112;3;21;1;0
3113;5;88;2;0
3114;1;21;2;0
3115;3;60;2;0
3116;4;55;5;1
3117;2;11;1;0
3118;2;19;2;0
3119;3;25;4;0
3120;2;18;1;0
3121;2;24;2;0
3122;3;45;1;0
3123;2;20;1;1
3124;4;44;3;0
3125;1;68;4;0
3126;5;45;4;0
3127;2;30;3;0
3128;2;86;2;0
3129;3;31;3;1
3130;4;45;2;0
3131;4;41;4;1
3132;1;34;3;0
3133;4;31;1;0
3134;1;45;3;1
3135;4;71;2;1
3136;4;18;3;0
3137;1;20;1;0
3138;1;24;1;8
3139;2;22;4;0
3140;3;40;4;1
3141;4;60;3;0
3142;4;10;1;0
3143;2;36;1;0
3144;4;51;3;0
3145;1;26;2;1
3146;1;37;1;1
3147;3;57;4;1
3148;1;86;4;1
3149;4;33;1;0
3150;1;44;2;0
3151;2;14;5;1
3152;2;43;3;1
3153;2;87;3;0
3154;4;40;3;0
3155;3;45;5;0
3156;4;23;1;0
3157;1;43;4;1
3158;2;15;3;0
3159;5;25;1;0
3160;1;12;3;1
3161;1;52;1;0
3162;1;23;5;0
3163;5;46;2;0
3164;4;27;2;0
3165;4;36;4;0
3166;1;30;4;1
3167;4;76;2;0
3168;4;14;3;0
3169;5;71;4;1
3170;3;32;2;0
3171;5;51;3;0
3172;5;74;2;0
3173;2;48;4;0
3174;4;87;2;0
3175;2;38;1;0
3176;1;24;3;0
3177;5;25;1;0
3178;4;29;2;1
3179;4;36;2;9
3180;1;50;4;0
3181;2;33;1;0
3182;2;96;4;0
3183;3;36;1;0
3184;2;34;2;0
3185;3;47;4;0
3186;5;53;4;1
3187;3;70;2;0
3188;5;49;5;0
3189;3;32;3;0
3190;2;33;2;1
3191;4;24;1;0
3192;4;43;2;8
3193;4;55;4;1
3194;3;27;2;0
3195;4;44;2;0
3196;5;34;4;1
3197;5;63;3;0
3198;5;33;4;0
3199;3;59;3;0
3200;3;32;1;0
3201;2;24;1;9
3202;1;36;1;0
3203;2;28;5;1
3204;3;33;5;1
3205;5;71;2;0
3206;4;46;2;0
3207;2;42;3;0
3208;3;17;4;1
3209;3;22;2;0
3210;1;18;2;0
3211;1;29;2;0
3212;1;31;5;0
3213;5;57;5;0
3214;1;31;4;0
3215;1;22;3;0
3216;4;71;2;1
3217;3;31;2;0
3218;2;24;4;0
3219;2;17;1;0
3220;1;17;4;0
3221;2;30;2;0
3222;1;18;4;0
3223;3;72;3;0
3224;3;62;2;0
3225;2;10;1;0
3226;3;46;3;0
3227;4;50;1;0
3228;4;28;3;1
3229;3;41;5;0
3230;4;55;2;1
3231;3;49;4;1
3232;1;20;3;0
3233;2;50;2;0
3234;4;45;4;1
3235;5;84;2;8
3236;3;42;3;0
3237;4;29;2;0
3238;4;13;3;0
3239;1;29;3;0
3240;3;75;4;0
3241;1;61;2;0
3242;1;24;5;8
3243;5;31;3;0
3244;4;37;4;1
3245;4;29;4;1
3246;4;19;5;0
3247;2;18;3;0
3248;1;17;4;0
3249;1;32;4;0
3250;5;75;2;0
3251;4;60;2;1
3252;2;51;3;1
3253;5;69;1;0
3254;1;36;2;1
3255;3;56;2;1
3256;3;41;2;1
3257;5;40;2;1
3258;5;47;4;1
3259;3;73;1;0
3260;4;58;2;0
3261;4;38;3;0
3262;3;26;1;0
3263;4;50;4;0
3264;1;66;5;1
3265;2;65;1;0
3266;2;38;2;0
3267;3;38;4;0
3268;4;68;3;0
3269;1;21;3;1
3270;3;30;1;0
3271;3;68;2;1
3272;4;35;3;0
3273;5;81;1;0
3274;5;69;3;0
3275;4;19;2;0
3276;1;16;2;0
3277;3;28;2;9
3278;4;46;2;0
3279;4;14;1;0
3280;3;30;2;0
3281;1;38;2;1
3282;1;22;2;0
3283;3;17;4;1
3284;5;33;2;0
3285;2;21;2;0
3286;2;31;2;0
3287;2;60;4;0
3288;2;26;3;1
3289;4;34;2;9
3290;2;60;3;0
3291;1;45;3;1
3292;1;41;2;1
3293;5;83;1;1
3294;3;42;1;1
3295;5;40;1;0
3296;1;17;3;0
3297;3;26;1;0
3298;5;97;1;0
3299;4;27;1;0
3300;5;20;3;0
3301;4;82;2;0
3302;2;63;2;0
3303;1;19;3;0
3304;4;52;4;1
3305;1;23;1;0
3306;1;31;2;0
3307;2;24;2;0
3308;1;26;3;0
3309;4;51;3;0
3310;1;47;4;9
3311;3;31;3;0
3312;3;44;3;0
3313;5;12;4;0
3314;1;36;4;1
3315;3;12;2;0
3316;1;59;5;0
3317;1;29;3;1
3318;5;13;2;0
3319;5;34;4;1
3320;1;49;4;0
3321;4;33;1;0
3322;4;50;4;1
3323;4;18;3;0
3324;2;22;3;0
3325;2;52;2;0
3326;1;25;2;0
3327;3;58;4;0
3328;5;92;5;1
3329;4;31;1;0
3330;3;49;2;0
3331;3;23;1;0
3332;2;80;2;0
3333;1;24;3;1
3334;1;19;4;0
3335;3;11;2;1
3336;4;17;1;0
3337;3;69;2;1
3338;2;33;3;0
3339;3;36;1;0
3340;1;62;1;0
3341;3;29;3;0
3342;4;43;2;1
3343;2;17;2;0
3344;5;34;2;1
3345;3;48;3;0
3346;5;50;2;0
3347;2;17;2;1
3348;4;54;1;0
3349;1;30;2;0
3350;1;22;2;0
3351;2;30;5;0
3352;3;72;1;0
3353;1;43;4;1
3354;2;54;2;0
3355;3;84;2;0
3356;3;22;2;0
3357;3;33;1;0
3358;3;92;4;0
3359;5;84;3;0
3360;2;25;2;0
3361;2;17;4;1
3362;2;48;4;1
3363;4;29;3;0
3364;2;19;2;0
3365;3;51;2;0
3366;2;40;2;0
3367;1;20;1;0
3368;3;23;3;8
3369;3;82;4;1
3370;5;31;4;1
3371;4;44;4;8
3372;4;53;1;0
3373;3;22;3;0
3374;2;24;2;9
3375;2;35;2;0
3376;2;47;2;0
3377;3;43;3;0
3378;3;32;1;0
3379;2;18;2;0
3380;4;79;2;0
3381;5;70;5;1
3382;2;61;1;1
3383;2;85;2;0
3384;2;33;4;1
3385;4;79;3;8
3386;4;33;3;0
3387;4;39;2;0
3388;4;36;5;1
3389;2;10;2;0
3390;1;28;2;0
3391;3;69;3;0
3392;1;25;3;0
3393;1;59;4;1
3394;4;87;4;1
3395;5;21;1;0
3396;5;30;3;0
3397;3;17;4;1
3398;4;31;1;0
3399;2;53;2;0
3400;2;20;2;0
3401;1;44;2;0
3402;3;31;4;1
3403;2;24;1;0
3404;3;65;2;0
3405;2;27;5;0
3406;4;25;1;0
3407;5;84;2;0
3408;3;34;4;1
3409;1;30;2;0
3410;3;94;1;0
3411;4;85;3;0
3412;4;46;1;0
3413;4;70;3;0
3414;2;20;2;0
3415;5;44;2;0
3416;1;17;1;0
3417;1;74;4;0
3418;4;40;2;0
3419;2;29;2;0
3420;3;19;3;0
3421;4;64;1;0
3422;2;54;1;0
3423;5;49;2;0
3424;3;49;2;1
3425;2;24;3;0
3426;4;27;4;0
3427;5;85;4;1
3428;4;31;3;1
3429;5;71;5;1
3430;4;30;2;1
3431;2;57;4;1
3432;2;18;2;0
3433;2;31;2;0
3434;3;73;4;0
3435;5;24;1;1
3436;3;21;5;1
3437;1;68;3;0
3438;1;22;1;1
3439;5;25;3;0
3440;3;25;1;0
3441;3;35;2;0
3442;4;23;3;1
3443;3;21;2;0
3444;4;29;1;8
3445;1;26;1;0
3446;2;49;5;1
3447;1;41;1;0
3448;3;74;4;0
3449;2;59;3;1
3450;3;95;4;0
3451;2;27;3;0
3452;5;91;4;0
3453;1;68;4;0
3454;4;10;2;0
3455;2;35;2;0
3456;3;69;2;0
3457;4;51;4;1
3458;1;29;2;0
3459;4;78;2;0
3460;1;36;3;0
3461;3;26;4;0
3462;2;21;3;0
3463;5;36;2;0
3464;5;39;4;0
3465;4;44;3;0
3466;1;15;3;1
3467;2;63;1;1
3468;1;31;2;0
3469;1;58;3;0
3470;4;43;5;0
3471;5;51;2;1
3472;1;31;3;0
3473;5;52;4;9
3474;5;43;4;0
3475;4;18;2;0
3476;5;44;3;1
3477;5;11;2;0
3478;3;74;1;0
3479;5;57;1;0
3480;1;38;4;0
3481;3;15;2;0
3482;1;29;4;0
3483;3;73;2;1
3484;5;53;2;0
3485;4;29;2;0
3486;1;49;4;1
3487;3;16;2;8
3488;2;18;2;0
3489;3;10;2;0
3490;1;24;4;0
3491;2;13;3;1
3492;2;35;2;0
3493;3;31;3;0
3494;1;30;1;0
3495;5;23;1;0
3496;2;38;5;1
3497;3;58;2;0
3498;2;16;4;1
3499;3;43;4;1
3500;3;25;2;0
3501;5;70;3;0
3502;4;52;2;0
3503;4;11;1;0
3504;2;71;1;0
3505;2;37;4;0
3506;3;38;4;1
3507;1;21;3;0
3508;3;13;2;0
3509;4;43;2;0
3510;3;29;1;0
3511;1;26;4;1
3512;3;49;1;1
3513;1;22;2;0
3514;5;68;1;0
3515;1;19;2;1
3516;3;52;2;0
3517;4;41;2;0
3518;2;32;2;0
3519;4;18;2;0
3520;4;88;2;0
3521;3;12;2;0
3522;3;34;2;8
3523;3;25;1;0
3524;2;68;3;0
3525;2;19;2;0
3526;1;26;2;1
3527;1;42;4;0
3528;2;15;2;0
3529;1;30;4;1
3530;4;35;4;0
3531;1;19;1;0
3532;4;21;3;0
3533;4;55;1;0
3534;5;59;2;1
3535;5;20;3;0
3536;1;36;1;0
3537;1;63;3;1
3538;2;32;2;0
3539;2;20;1;0
3540;3;29;1;0
3541;3;27;2;0
3542;2;78;3;0
3543;4;27;3;0
3544;5;30;2;0
3545;1;32;2;0
3546;2;29;3;0
3547;1;35;2;0
3548;5;59;2;0
3549;3;48;5;1
3550;1;57;3;0
3551;3;81;2;9
3552;2;63;5;1
3553;1;40;4;0
3554;3;21;2;0
3555;5;34;3;0
3556;1;29;1;0
3557;4;35;2;0
3558;5;58;2;0
3559;1;41;4;1
3560;3;27;1;0
3561;2;21;2;0
3562;1;29;1;0
3563;1;58;2;0
3564;3;72;4;0
3565;5;36;2;1
3566;5;56;2;0
3567;4;34;1;0
3568;2;83;1;0
3569;3;53;1;1
3570;2;55;2;1
3571;3;55;3;0
3572;4;51;4;0
3573;1;43;3;1
3574;3;43;2;0
3575;4;28;2;0
3576;1;70;3;0
3577;3;64;1;0
3578;2;35;4;1
3579;4;14;3;1
3580;5;80;2;0
3581;4;84;1;0
3582;2;44;4;0
3583;1;15;1;0
3584;3;24;1;0
3585;5;97;2;0
3586;3;49;2;0
3587;2;77;2;0
3588;3;36;4;0
3589;4;26;2;1
3590;1;26;2;0
3591;5;27;2;0
3592;2;40;3;1
3593;2;22;1;0
3594;2;37;4;1
3595;5;57;1;0
3596;5;48;4;0
3597;2;22;4;1
3598;1;23;1;0
3599;4;86;1;0
3600;2;50;2;1
3601;5;69;1;0
3602;5;77;3;0
3603;2;22;1;9
3604;3;43;2;0
3605;1;39;4;0
3606;5;57;1;0
3607;4;34;2;0
3608;3;38;3;0
3609;5;33;3;0
3610;3;12;2;0
3611;1;18;4;1
3612;4;34;2;0
3613;1;19;4;0
3614;4;22;2;0
3615;3;66;3;0
3616;2;51;4;0
3617;1;39;1;0
3618;1;32;2;1
3619;4;76;1;1
3620;5;13;3;0
3621;4;65;2;8
3622;2;68;1;0
3623;5;94;1;0
3624;3;50;3;1
3625;4;64;2;0
3626;3;22;3;1
3627;1;27;2;1
3628;1;25;2;0
3629;1;16;2;0
3630;2;75;2;1
3631;2;49;4;1
3632;4;40;1;0
3633;4;26;1;8
3634;2;30;2;0
3635;1;29;2;0
3636;1;28;3;0
3637;3;58;4;1
3638;1;26;1;0
3639;4;32;4;0
3640;4;67;4;1
3641;1;51;5;8
3642;3;9;3;1
3643;3;43;1;0
3644;5;90;3;0
3645;1;42;4;1
3646;4;67;3;0
3647;1;29;2;0
3648;2;35;4;1
3649;3;83;3;0
3650;4;35;1;1
3651;2;24;3;0
3652;3;24;4;0
3653;2;48;2;0
3654;5;43;2;1
3655;3;23;2;1
3656;5;17;2;0
3657;4;73;1;0
3658;1;27;4;0
3659;2;21;2;0
3660;1;43;3;0
3661;4;58;2;0
3662;1;47;2;0
3663;4;42;2;0
3664;3;84;2;1
3665;1;44;1;0
3666;5;46;4;1
3667;2;27;1;0
3668;4;82;5;1
3669;3;42;2;0
3670;2;71;2;0
3671;2;43;4;8
3672;3;36;3;0
3673;1;17;4;0
3674;3;36;3;0
3675;3;41;3;0
3676;5;74;3;0
3677;2;18;4;1
3678;1;28;3;0
3679;3;33;2;0
3680;2;35;5;0
3681;5;59;1;0
3682;4;62;2;0
3683;3;31;2;0
3684;2;23;4;0
3685;4;36;1;0
3686;5;64;3;1
3687;3;69;1;0
3688;5;47;1;0
3689;2;20;2;8
3690;2;25;5;9
3691;2;36;4;0
3692;5;64;2;0
3693;1;40;5;1
3694;1;68;3;0
3695;4;44;4;1
3696;3;34;3;0
3697;5;50;1;0
3698;2;9;1;0
3699;4;71;1;1
3700;5;42;3;9
3701;5;14;1;0
3702;4;37;3;1
3703;2;82;4;1
3704;1;30;3;0
3705;3;25;2;0
3706;4;36;4;1
3707;5;26;2;0
3708;1;23;2;0
3709;3;27;3;0
3710;3;46;5;0
3711;4;45;2;0
3712;2;42;2;1
3713;3;53;1;0
3714;5;41;2;1
3715;3;49;1;0
3716;2;19;1;0
3717;2;24;3;1
3718;3;20;2;1
3719;5;23;3;0
3720;1;23;4;1
3721;4;22;1;0
3722;5;41;1;0
3723;3;22;4;1
3724;3;28;4;1
3725;1;47;4;0
3726;5;54;2;8
3727;4;46;3;0
3728;2;21;1;0
3729;2;26;2;0
3730;3;17;1;8
3731;3;23;4;0
3732;1;15;4;0
3733;2;12;4;1
3734;2;21;1;0
3735;1;35;2;1
3736;2;38;4;1
3737;5;56;1;0
3738;2;67;4;0
3739;2;24;1;8
3740;2;51;2;0
3741;1;13;1;0
3742;2;23;2;0
3743;3;60;3;0
3744;4;25;2;1
3745;3;65;2;0
3746;3;33;4;0
3747;1;51;2;8
3748;4;25;1;0
3749;1;47;3;0
3750;4;46;4;9
3751;2;17;3;0
3752;4;41;5;1
3753;5;45;1;0
3754;2;23;4;1
3755;5;95;1;0
3756;3;58;4;1
3757;1;68;4;1
3758;5;63;2;0
3759;3;18;2;0
3760;1;39;5;1
3761;2;42;2;0
3762;1;43;3;1
3763;2;33;2;1
3764;3;48;1;0
3765;2;24;2;1
3766;4;34;5;0
3767;4;40;3;0
3768;3;79;4;0
3769;4;72;4;9
3770;4;41;2;0
3771;1;21;3;0
3772;5;54;3;0
3773;3;72;1;0
3774;2;23;2;1
3775;4;27;5;1
3776;5;40;1;0
3777;1;57;4;1
3778;1;16;4;0
3779;4;61;1;0
3780;1;45;4;0
3781;3;39;4;1
3782;4;71;2;0
3783;3;47;2;0
3784;1;27;1;0
3785;4;43;1;0
3786;4;53;4;0
3787;4;49;4;1
3788;3;20;1;0
3789;3;39;1;0
3790;3;18;3;0
3791;5;35;2;0
3792;3;27;3;1
3793;4;64;3;0
3794;5;13;1;0
3795;1;32;3;0
3796;3;9;2;0
3797;3;34;3;9
3798;2;19;2;0
3799;1;27;3;0
3800;1;29;2;1
3801;2;37;2;0
3802;3;30;5;0
3803;1;17;2;0
3804;4;59;2;0
3805;4;87;4;0
3806;1;37;2;0
3807;4;54;4;9
3808;5;19;1;0
3809;5;13;1;0
3810;5;88;1;0
3811;4;75;4;0
3812;3;31;4;0
3813;3;63;4;1
3814;4;91;2;0
3815;3;44;4;0
3816;4;20;1;0
3817;3;92;1;0
3818;5;75;2;0
3819;1;53;4;0
3820;4;84;1;0
3821;2;49;1;1
3822;1;88;4;0
3823;4;45;3;0
3824;1;17;3;9
3825;4;93;1;0
3826;2;23;4;1
3827;1;39;2;0
3828;1;14;2;0
3829;2;26;2;0
3830;4;84;5;1
3831;4;31;5;1
3832;4;83;3;1
3833;4;95;2;0
3834;3;91;2;0
3835;5;86;2;0
3836;3;55;4;1
3837;2;16;4;1
3838;5;81;4;0
3839;3;50;3;0
3840;4;28;1;0
3841;4;25;1;0
3842;5;46;3;0
3843;3;13;4;1
3844;2;26;1;1
3845;4;54;3;0
3846;3;42;3;1
3847;2;56;3;0
3848;5;19;5;0
3849;3;87;1;0
3850;3;26;3;0
3851;4;66;1;0
3852;2;16;2;1
3853;3;89;2;0
3854;2;9;1;9
3855;3;50;4;0
3856;5;18;2;0
3857;4;30;1;0
3858;3;28;1;0
3859;2;81;3;1
3860;3;21;2;0
3861;4;68;1;0
3862;1;43;2;0
3863;4;92;2;0
3864;3;84;4;1
3865;3;26;2;0
3866;4;83;1;1
3867;5;72;1;0
3868;4;42;1;0
3869;3;21;4;1
3870;2;58;3;0
3871;2;50;1;0
3872;1;37;2;0
3873;3;57;4;0
3874;2;22;1;0
3875;5;29;1;0
3876;5;68;1;0
3877;3;37;2;0
3878;1;29;3;0
3879;3;22;1;0
3880;5;86;4;1
3881;5;80;2;0
3882;4;46;5;1
3883;5;79;5;0
3884;4;79;3;0
3885;5;84;2;1
3886;3;33;2;0
3887;3;61;3;1
3888;1;22;2;8
3889;4;63;4;0
3890;2;21;3;0
3891;3;30;2;9
3892;5;74;4;0
3893;2;51;4;9
3894;2;10;2;0
3895;3;25;2;0
3896;3;36;1;1
3897;4;57;1;0
3898;2;66;3;0
3899;3;42;2;0
3900;2;38;2;9
3901;4;36;2;0
3902;3;64;2;1
3903;4;30;3;0
3904;1;42;2;0
3905;1;20;3;1
3906;3;34;4;9
3907;4;44;1;0
3908;2;94;3;1
3909;1;15;2;0
3910;5;67;2;0
3911;2;27;4;1
3912;2;19;4;0
3913;3;27;2;0
3914;3;31;4;0
3915;4;23;1;0
3916;5;10;2;0
3917;5;34;2;8
3918;1;14;3;0
3919;3;62;4;1
3920;3;40;3;1
3921;5;71;1;0
3922;1;64;3;0
3923;1;24;3;1
3924;3;27;2;0
3925;2;61;5;0
3926;1;79;4;0
3927;1;50;3;0
3928;2;44;3;0
3929;5;40;1;1
3930;2;32;1;0
3931;2;48;3;1
3932;2;38;2;0
3933;4;72;4;1
3934;2;27;4;0
3935;2;25;3;1
3936;5;20;1;0
3937;4;35;1;0
3938;5;67;1;0
3939;4;47;2;0
3940;2;16;2;0
3941;3;29;2;0
3942;4;22;1;0
3943;2;57;5;1
3944;3;52;2;0
3945;1;67;5;1
3946;4;87;1;0
3947;2;68;3;0
3948;1;38;3;0
3949;1;45;3;0
3950;1;39;1;0
3951;2;43;4;9
3952;3;31;4;1
3953;2;22;2;0
3954;3;26;1;0
3955;3;23;1;0
3956;5;60;3;0
3957;3;65;3;0
3958;1;56;4;0
3959;3;22;2;8
3960;5;22;5;0
3961;4;46;1;0
3962;3;50;3;1
3963;3;9;2;0
3964;5;53;4;0
3965;3;21;3;0
3966;2;18;4;0
3967;2;32;3;0
3968;1;77;1;0
3969;2;28;2;0
3970;3;59;2;0
3971;2;38;4;1
3972;4;33;4;1
3973;1;20;1;0
3974;1;19;1;0
3975;1;31;1;0
3976;5;48;4;0
3977;1;21;3;1
3978;2;27;5;1
3979;5;82;2;0
3980;2;21;2;1
3981;1;20;2;0
3982;4;28;4;0
3983;2;96;2;0
3984;4;33;3;0
3985;3;70;2;0
3986;2;30;1;0
3987;4;66;5;0
3988;3;34;4;0
3989;5;17;1;0
3990;4;65;3;0
3991;3;32;3;0
3992;4;60;2;0
3993;1;49;4;0
3994;3;44;1;0
3995;2;18;3;0
3996;5;95;4;0
3997;4;95;3;0
3998;4;34;2;0
3999;2;19;3;0
4000;3;31;4;1
4001;4;22;4;1
4002;2;48;4;0
4003;5;81;2;0
4004;3;22;1;0
4005;4;62;4;1
4006;3;14;4;1
4007;4;64;5;9
4008;2;68;1;0
4009;1;50;2;0
4010;1;21;2;0
4011;4;74;2;0
4012;4;11;1;0
4013;3;10;1;0
4014;4;37;3;1
4015;3;41;2;0
4016;5;46;2;0
4017;2;95;2;0
4018;2;28;1;1
4019;4;34;2;8
4020;4;27;2;0
4021;4;42;5;0
4022;1;41;3;0
4023;3;11;3;0
4024;1;23;4;1
4025;3;31;2;0
4026;1;25;3;1
4027;4;14;2;0
4028;3;46;3;0
4029;5;29;1;0
4030;4;36;2;0
4031;4;96;4;1
4032;1;45;4;1
4033;3;49;3;1
4034;1;17;1;0
4035;3;65;2;0
4036;3;52;4;0
4037;4;83;4;1
4038;4;55;2;0
4039;4;42;1;0
4040;1;18;2;0
4041;2;55;3;0
4042;1;39;2;0
4043;2;34;2;0
4044;1;55;3;0
4045;2;45;2;0
4046;1;77;5;0
4047;1;33;1;1
4048;3;19;3;0
4049;2;24;2;0
4050;5;57;3;0
4051;3;26;4;1
4052;2;39;4;1
4053;4;27;2;1
4054;5;38;2;1
4055;3;23;2;1
4056;2;54;5;1
4057;2;24;2;0
4058;2;21;3;1
4059;4;19;1;0
4060;4;59;4;0
4061;1;26;4;0
4062;2;27;1;0
4063;5;32;4;0
4064;4;15;1;0
4065;4;63;5;1
4066;1;15;3;0
4067;2;36;3;1
4068;5;40;1;0
4069;1;17;2;0
4070;2;63;4;0
4071;3;46;3;0
4072;2;27;4;1
4073;3;78;3;0
4074;1;26;1;0
4075;5;28;3;1
4076;2;27;2;0
4077;3;20;2;1
4078;1;21;4;0
4079;4;42;1;1
4080;3;47;2;0
4081;2;39;2;0
4082;2;42;1;0
4083;3;36;2;0
4084;1;67;2;9
4085;2;22;4;0
4086;4;49;4;1
4087;4;41;1;0
4088;5;23;2;1
4089;5;58;4;1
4090;4;12;5;1
4091;1;43;4;8
4092;1;13;3;1
4093;1;75;2;0
4094;3;77;4;0
4095;2;27;3;1
4096;4;19;2;0
4097;3;47;3;0
4098;4;35;2;0
4099;4;17;2;0
4100;3;41;2;0
4101;5;67;3;0
4102;5;23;1;0
4103;1;25;3;0
4104;3;48;1;0
4105;3;59;2;0
4106;5;50;2;0
4107;2;24;4;1
4108;1;53;2;0
4109;1;70;4;0
4110;1;26;3;1
4111;2;65;2;0
4112;3;39;2;9
4113;4;53;3;0
4114;4;45;1;0
4115;3;27;4;0
4116;4;69;5;1
4117;5;55;2;0
4118;2;49;2;1
4119;2;20;1;0
4120;5;60;1;0
4121;5;30;2;0
4122;2;24;2;0
4123;3;60;3;0
4124;5;77;3;1
4125;4;65;4;1
4126;4;27;4;1
4127;3;21;4;1
4128;3;28;1;0
4129;2;71;4;0
4130;2;46;5;1
4131;4;26;1;0
4132;1;18;4;0
4133;2;85;4;1
4134;4;15;2;0
4135;3;52;3;0
4136;4;37;2;0
4137;4;27;2;1
4138;1;22;2;0
4139;1;53;3;0
4140;4;47;2;0
4141;3;30;1;0
4142;1;42;4;1
4143;2;30;3;1
4144;2;42;1;1
4145;2;21;1;0
4146;3;33;3;0
4147;2;13;4;9
4148;2;33;4;0
4149;4;37;4;1
4150;1;17;4;1
4151;3;22;4;0
4152;3;62;2;1
4153;4;60;3;1
4154;2;34;4;0
4155;3;36;1;0
4156;1;13;2;0
4157;2;46;1;0
4158;1;24;2;0
4159;1;20;2;0
4160;1;38;4;0
4161;3;60;4;0
4162;3;45;3;1
4163;2;40;3;1
4164;3;76;3;1
4165;3;22;2;1
4166;4;81;4;0
4167;2;40;5;1
4168;4;37;1;9
4169;4;48;2;0
4170;1;33;1;0
4171;3;93;2;0
4172;5;84;1;0
4173;1;15;2;0
4174;2;94;3;1
4175;1;11;3;0
4176;1;21;1;0
4177;2;88;1;0
4178;2;34;4;1
4179;4;88;3;1
4180;2;59;3;1
4181;2;53;1;0
4182;1;21;5;8
4183;2;29;5;0
4184;2;77;3;0
4185;4;47;4;0
4186;2;14;4;1
4187;2;39;4;0
4188;3;75;3;1
4189;2;23;2;0
4190;2;18;2;0
4191;1;21;4;1
4192;1;9;2;0
4193;5;71;1;0
4194;3;36;4;0
4195;1;13;3;0
4196;2;32;1;0
4197;3;42;1;0
4198;4;16;2;0
4199;4;83;5;0
4200;5;54;3;0
4201;2;74;2;0
4202;2;29;1;0
4203;4;66;2;0
4204;3;47;2;1
4205;4;54;1;0
4206;2;36;1;0
4207;1;18;4;1
4208;2;15;3;0
4209;2;44;4;0
4210;5;63;2;0
4211;5;32;2;0
4212;4;15;2;1
4213;4;13;2;0
4214;4;53;1;0
4215;2;45;1;0
4216;4;30;3;0
4217;3;45;4;9
4218;2;64;3;0
4219;2;87;2;1
4220;5;63;2;1
4221;5;10;1;0
4222;3;14;3;1
4223;3;37;2;1
4224;2;77;5;0
4225;4;35;1;0
4226;2;66;3;1
4227;5;71;3;0
4228;4;30;4;0
4229;2;21;4;1
4230;2;89;5;1
4231;4;87;1;0
4232;5;57;2;1
4233;1;26;3;0
4234;3;48;4;1
4235;1;20;4;0
4236;2;18;2;1
4237;2;35;3;0
4238;4;54;1;0
4239;2;26;5;1
4240;4;86;4;1
4241;3;70;4;0
4242;4;29;2;0
4243;1;58;3;0
4244;3;37;2;1
4245;5;58;1;0
4246;2;76;2;0
4247;3;68;3;0
4248;2;14;3;0
4249;5;22;3;0
4250;4;25;4;1
4251;5;84;1;0
4252;1;30;4;0
4253;2;11;4;0
4254;4;60;1;1
4255;3;75;4;0
4256;2;14;1;1
4257;1;26;3;1
4258;1;17;2;0
4259;5;29;1;0
4260;1;39;3;9
4261;1;22;4;0
4262;3;74;1;9
4263;5;46;4;1
4264;3;21;3;1
4265;3;53;2;0
4266;3;49;4;0
4267;3;22;2;0
4268;5;96;3;0
4269;4;34;4;1
4270;1;13;4;1
4271;5;55;2;0
4272;5;32;1;0
4273;2;35;2;1
4274;1;36;2;0
4275;1;78;4;0
4276;1;45;4;0
4277;5;50;3;0
4278;4;29;3;1
4279;2;38;5;1
4280;2;24;4;1
4281;3;52;4;1
4282;4;49;1;0
4283;3;30;3;0
4284;3;12;2;0
4285;2;35;3;0
4286;4;59;2;0
4287;5;64;3;0
4288;4;36;2;0
4289;4;87;4;0
4290;2;33;4;1
4291;5;39;4;1
4292;2;62;2;0
4293;3;69;4;1
4294;4;35;3;1
4295;1;15;5;1
4296;4;48;2;0
4297;3;16;3;0
4298;1;24;3;0
4299;2;37;4;1
4300;2;63;3;0
4301;4;67;2;0
4302;1;62;2;0
4303;2;39;2;0
4304;1;53;2;0
4305;2;43;2;0
4306;1;56;4;1
4307;1;25;4;1
4308;3;56;4;0
4309;5;35;1;0
4310;2;89;2;1
4311;2;15;1;0
4312;1;22;1;0
4313;4;57;1;0
4314;4;71;2;0
4315;2;9;1;0
4316;2;32;1;0
4317;3;39;1;0
4318;1;28;4;1
4319;1;21;1;0
4320;3;30;1;0
4321;2;52;3;1
4322;1;45;2;0
4323;3;57;4;0
4324;3;59;2;0
4325;3;20;4;1
4326;3;66;3;0
4327;1;47;2;1
4328;4;57;2;0
4329;3;29;2;0
4330;1;30;2;0
4331;5;73;3;0
4332;5;82;1;0
4333;1;20;2;0
4334;5;36;2;0
4335;3;47;4;1
4336;3;59;4;1
4337;5;63;1;0
4338;4;85;2;0
4339;3;88;5;0
4340;2;31;4;0
4341;1;38;2;0
4342;3;38;1;1
4343;2;17;1;0
4344;2;20;3;1
4345;2;65;5;0
4346;3;41;3;9
4347;2;20;3;0
4348;4;53;1;0
4349;3;17;3;0
4350;2;62;4;0
4351;3;32;5;1
4352;4;51;3;0
4353;3;30;2;1
4354;4;47;1;1
4355;5;94;3;0
4356;1;39;1;0
4357;3;24;3;0
4358;5;57;4;0
4359;3;20;1;0
4360;3;43;4;1
4361;5;18;1;0
4362;1;22;5;1
4363;3;46;4;0
4364;1;23;4;1
4365;4;45;4;0
4366;2;53;3;0
4367;3;25;3;0
4368;2;35;4;0
4369;4;50;4;1
4370;4;80;5;1
4371;4;46;1;0
4372;2;34;3;0
4373;5;22;2;0
4374;1;33;2;0
4375;4;24;4;1
4376;3;54;3;0
4377;2;49;2;0
4378;5;51;2;0
4379;5;75;2;0
4380;4;52;2;0
4381;1;31;4;1
4382;2;48;2;0
4383;2;41;4;0
4384;2;23;3;0
4385;4;55;4;0
4386;3;20;3;0
4387;1;21;4;0
4388;3;10;2;0
4389;4;86;3;8
4390;2;34;2;0
4391;1;31;3;9
4392;1;27;4;1
4393;4;44;2;0
4394;1;18;3;0
4395;3;45;3;0
4396;2;33;4;1
4397;5;37;1;1
4398;2;29;2;1
4399;1;32;3;0
4400;1;47;2;0
4401;2;12;1;0
4402;2;39;5;1
4403;2;33;2;0
4404;2;42;4;0
4405;2;32;1;1
4406;5;33;2;0
4407;3;40;4;1
4408;1;33;3;0
4409;2;17;1;0
4410;4;38;1;0
4411;1;33;2;0
4412;3;26;2;0
4413;5;44;1;0
4414;2;38;2;0
4415;3;55;2;0
4416;4;15;1;0
4417;1;19;4;1
4418;4;48;2;1
4419;5;32;1;0
4420;4;21;4;1
4421;1;85;2;1
4422;5;21;3;1
4423;5;95;4;1
4424;5;31;4;1
4425;2;23;1;0
4426;1;27;1;0
4427;2;95;5;1
4428;3;30;4;0
4429;2;61;3;0
4430;1;33;3;0
4431;5;30;2;0
4432;2;55;4;0
4433;5;43;3;0
4434;3;34;2;0
4435;3;25;1;0
4436;3;40;2;0
4437;3;26;4;1
4438;3;13;1;0
4439;4;50;1;0
4440;5;89;1;0
4441;4;29;1;0
4442;2;24;2;0
4443;4;29;4;0
4444;5;77;2;0
4445;2;19;3;0
4446;2;54;1;0
4447;3;52;1;0
4448;1;43;2;0
4449;1;22;1;0
4450;2;19;4;0
4451;2;29;2;0
4452;3;84;4;0
4453;4;52;1;0
4454;2;28;2;0
4455;2;25;4;0
4456;1;68;4;0
4457;3;49;2;0
4458;5;27;1;0
4459;5;49;5;1
4460;1;77;3;1
4461;2;29;1;0
4462;4;32;2;0
4463;1;22;2;0
4464;4;44;1;0
4465;1;25;2;0
4466;1;24;1;0
4467;3;37;1;0
4468;1;33;4;1
4469;2;48;3;0
4470;3;39;1;0
4471;3;25;1;0
4472;1;11;2;0
4473;1;25;3;0
4474;4;24;2;0
4475;1;25;4;0
4476;3;19;2;0
4477;2;18;3;0
4478;2;56;3;0
4479;3;88;3;1
4480;5;96;3;1
4481;5;19;1;0
4482;3;56;2;1
4483;3;95;2;0
4484;5;86;3;1
4485;1;19;2;0
4486;3;46;4;1
4487;4;80;3;0
4488;2;24;3;0
4489;3;36;2;0
4490;5;27;2;0
4491;4;73;5;1
4492;4;93;3;1
4493;3;31;3;0
4494;1;32;3;0
4495;3;26;5;0
4496;3;34;2;0
4497;3;70;4;1
4498;2;77;4;1
4499;1;72;3;0
4500;5;38;1;0
4501;5;59;2;0
4502;5;94;1;0
4503;3;30;2;0
4504;1;30;1;0
4505;5;47;3;1
4506;2;65;4;1
4507;2;70;4;1
4508;4;34;1;0
4509;2;83;3;1
4510;5;56;2;0
4511;1;40;2;0
4512;3;57;1;0
4513;4;15;1;0
4514;2;32;3;1
4515;5;62;1;0
4516;1;41;5;1
4517;4;27;3;1
4518;4;36;3;0
4519;1;31;1;9
4520;3;29;2;0
4521;3;76;2;0
4522;5;27;2;0
4523;5;64;1;0
4524;3;21;4;0
4525;3;47;5;0
4526;1;57;2;0
4527;1;45;4;0
4528;3;20;1;8
4529;5;38;2;0
4530;1;25;2;1
4531;5;54;1;0
4532;1;30;1;9
4533;3;31;2;0
4534;4;17;4;0
4535;4;49;4;0
4536;1;34;1;0
4537;4;42;3;0
4538;5;11;2;0
4539;4;49;1;0
4540;3;16;1;0
4541;1;33;3;0
4542;2;45;4;1
4543;1;19;2;0
4544;3;40;2;0
4545;2;40;1;0
4546;1;18;2;0
4547;2;18;3;1
4548;1;31;2;0
4549;4;95;2;0
4550;4;64;1;0
4551;1;25;4;0
4552;1;27;1;0
4553;5;59;5;1
4554;1;16;1;0
4555;4;53;4;0
4556;5;48;2;0
4557;4;49;1;1
4558;2;11;1;1
4559;4;46;4;0
4560;3;14;3;0
4561;5;65;3;1
4562;2;18;2;0
4563;3;41;1;0
4564;1;28;2;0
4565;3;25;1;0
4566;3;23;4;0
4567;5;55;1;0
4568;2;30;2;0
4569;4;22;2;0
4570;5;62;1;0
4571;3;30;3;1
4572;2;90;4;0
4573;1;30;2;0
4574;4;31;3;1
4575;3;79;4;0
4576;3;18;4;0
4577;3;21;3;0
4578;3;44;5;1
4579;4;35;3;0
4580;3;16;2;0
4581;1;40;4;1
4582;1;62;3;0
4583;1;30;1;0
4584;1;27;2;0
4585;2;88;5;1
4586;3;42;3;0
4587;4;50;1;0
4588;4;33;1;0
4589;1;68;2;0
4590;2;24;1;0
4591;4;69;3;0
4592;2;30;4;0
4593;1;35;3;1
4594;4;90;1;0
4595;1;20;1;8
4596;4;18;2;0
4597;3;11;3;0
4598;2;26;3;1
4599;5;55;4;0
4600;2;51;1;0
4601;5;51;2;0
4602;1;18;1;0
4603;4;29;2;0
4604;3;39;3;0
4605;3;30;3;1
4606;1;23;4;0
4607;2;24;1;0
4608;5;62;2;0
4609;5;32;1;0
4610;2;68;4;0
4611;3;34;4;0
4612;1;11;2;0
4613;2;58;4;0
4614;3;47;4;0
4615;2;60;1;0
4616;2;23;2;0
4617;4;81;5;1
4618;5;41;2;1
4619;4;37;3;0
4620;2;19;4;1
4621;3;28;3;0
4622;2;46;4;1
4623;2;50;2;0
4624;4;60;5;1
4625;2;26;3;0
4626;3;50;2;0
4627;4;77;1;0
4628;5;46;4;9
4629;3;50;4;0
4630;4;37;4;1
4631;1;52;2;1
4632;4;51;1;0
4633;2;47;2;0
4634;2;53;2;0
4635;2;94;3;0
4636;1;27;2;0
4637;4;93;3;0
4638;5;50;4;0
4639;3;61;3;0
4640;4;37;1;0
4641;4;59;1;0
4642;2;50;1;0
4643;4;31;2;0
4644;2;78;2;0
4645;2;35;4;1
4646;3;53;4;1
4647;1;22;3;0
4648;2;24;3;1
4649;3;46;1;0
4650;4;51;3;1
4651;1;23;4;1
4652;4;72;2;0
4653;2;40;4;0
4654;5;26;1;0
4655;2;22;3;0
4656;1;25;5;0
4657;3;54;2;0
4658;3;66;2;1
4659;3;45;3;0
4660;5;79;1;0
4661;1;67;2;0
4662;4;53;3;0
4663;3;43;1;0
4664;4;62;3;0
4665;2;57;4;0
4666;3;57;4;0
4667;3;43;1;0
4668;2;52;3;0
4669;1;32;1;0
4670;1;21;2;0
4671;1;90;4;1
4672;1;40;3;0
4673;2;65;4;0
4674;4;65;3;0
4675;3;22;3;8
4676;3;50;1;0
4677;3;37;2;0
4678;5;64;3;0
4679;1;47;4;1
4680;3;28;2;1
4681;3;26;3;1
4682;1;29;4;0
4683;1;19;1;0
4684;5;80;3;1
4685;2;61;4;1
4686;1;23;1;0
4687;1;20;5;1
4688;4;23;2;0
4689;1;17;4;1
4690;5;44;4;1
4691;4;37;2;0
4692;3;86;2;1
4693;3;9;1;0
4694;3;24;3;1
4695;1;73;2;1
4696;3;35;2;0
4697;2;37;2;0
4698;5;54;2;0
4699;2;18;4;0
4700;4;21;2;0
4701;3;20;1;0
4702;5;33;2;1
4703;1;31;2;0
4704;3;75;4;0
4705;5;25;4;0
4706;4;9;3;1
4707;4;49;2;1
4708;2;43;2;0
4709;4;40;2;0
4710;4;51;4;1
4711;4;53;1;0
4712;1;50;2;0
4713;4;54;3;0
4714;5;66;2;0
4715;2;22;1;0
4716;2;35;2;0
4717;3;30;3;0
4718;5;81;2;0
4719;1;24;1;0
4720;3;23;2;1
4721;3;36;1;0
4722;1;23;1;0
4723;4;49;1;0
4724;3;21;4;9
4725;2;44;1;0
4726;2;81;2;0
4727;4;97;3;1
4728;3;40;2;0
4729;3;36;1;0
4730;4;80;1;0
4731;5;37;4;0
4732;5;46;4;1
4733;1;14;2;1
4734;4;69;1;0
4735;5;60;4;1
4736;5;56;2;0
4737;3;33;4;1
4738;3;81;1;1
4739;3;42;5;0
4740;4;26;2;0
4741;2;37;4;0
4742;1;17;1;0
4743;2;23;2;0
4744;2;33;3;1
4745;3;26;2;0
4746;3;32;1;0
4747;3;19;2;0
4748;4;59;2;0
4749;3;30;1;0
4750;1;32;1;0
4751;1;56;4;0
4752;2;35;1;0
4753;3;80;3;0
4754;4;39;1;0
4755;4;58;2;0
4756;2;96;4;1
4757;4;84;4;1
4758;3;62;2;0
4759;4;25;2;9
4760;3;24;4;0
4761;2;47;4;1
4762;4;64;1;0
4763;2;24;2;0
4764;5;96;2;0
4765;1;22;3;8
4766;4;76;1;0
4767;5;31;4;0
4768;4;93;2;0
4769;4;97;2;1
4770;2;66;4;1
4771;4;53;3;0
4772;1;42;4;0
4773;4;28;2;0
4774;3;55;1;0
4775;1;25;4;1
4776;4;46;1;0
4777;3;28;3;0
4778;3;55;4;0
4779;4;23;2;0
4780;1;19;3;0
4781;3;92;3;0
4782;2;18;4;0
4783;1;30;3;1
4784;5;66;1;0
4785;2;44;4;1
4786;4;70;3;0
4787;4;20;2;0
4788;3;17;5;9
4789;3;36;3;0
4790;2;73;4;0
4791;2;11;4;0
4792;5;29;4;0
4793;3;24;1;0
4794;5;44;1;0
4795;2;69;3;0
4796;1;19;2;9
4797;5;22;1;0
4798;4;97;3;0
4799;3;24;2;1
4800;2;49;3;0
4801;2;20;2;8
4802;2;17;4;0
4803;1;19;2;1
4804;5;38;3;0
4805;4;68;3;0
4806;2;40;1;0
4807;3;28;2;1
4808;3;14;1;0
4809;1;20;2;0
4810;1;18;4;1
4811;3;41;1;9
4812;4;35;2;0
4813;2;29;3;0
4814;3;69;5;0
4815;2;38;4;0
4816;4;30;2;0
4817;5;86;3;0
4818;2;51;1;1
4819;3;45;2;0
4820;1;66;4;1
4821;2;44;2;0
4822;4;20;3;0
4823;3;19;5;0
4824;2;29;1;0
4825;4;20;1;0
4826;3;33;3;1
4827;1;10;2;0
4828;3;18;2;0
4829;2;90;5;1
4830;5;48;1;0
4831;5;45;5;0
4832;4;39;2;0
4833;5;38;1;0
4834;2;38;3;0
4835;5;62;5;9
4836;2;24;3;0
4837;5;26;2;0
4838;2;23;1;9
4839;3;31;1;0
4840;1;57;5;1
4841;3;17;2;0
4842;1;51;4;1
4843;2;18;1;1
4844;1;35;2;0
4845;1;43;3;1
4846;2;28;3;0
4847;4;57;2;1
4848;3;19;4;0
4849;5;47;2;0
4850;3;59;2;1
4851;5;68;2;0
4852;4;53;4;0
4853;2;37;3;1
4854;2;42;3;1
4855;1;30;5;0
4856;1;54;5;0
4857;1;22;2;0
4858;5;44;2;0
4859;5;9;2;8
4860;2;63;4;1
4861;3;27;1;0
4862;3;17;3;1
4863;4;41;2;1
4864;3;49;2;0
4865;2;46;4;1
4866;4;37;2;0
4867;1;33;5;1
4868;2;35;2;0
4869;2;24;4;1
4870;3;38;1;9
4871;2;36;4;0
4872;3;23;3;0
4873;2;14;2;0
4874;3;10;1;0
4875;5;47;2;0
4876;4;31;2;1
4877;2;44;4;0
4878;3;40;3;0
4879;4;67;1;0
4880;4;23;1;0
4881;3;19;4;0
4882;5;14;2;0
4883;3;73;3;0
4884;4;38;3;0
4885;5;18;2;0
4886;2;63;5;1
4887;4;36;4;1
4888;1;27;3;0
4889;2;33;2;0
4890;5;33;2;0
4891;4;34;4;0
4892;3;35;2;0
4893;4;25;1;0
4894;3;73;2;1
4895;2;22;3;0
4896;3;31;1;0
4897;4;23;4;0
4898;3;22;2;0
4899;5;9;1;0
4900;2;12;2;8
4901;4;32;4;8
4902;5;68;3;0
4903;4;52;2;0
4904;2;21;2;1
4905;3;18;3;0
4906;3;51;2;0
4907;4;21;2;0
4908;1;49;1;0
4909;1;14;1;0
4910;5;61;1;0
4911;5;24;4;0
4912;4;27;5;0
4913;4;10;2;0
4914;2;68;4;1
4915;1;37;4;1
4916;5;73;2;0
4917;4;36;2;0
4918;2;38;4;1
4919;5;72;4;0
4920;5;32;1;0
4921;1;35;3;1
4922;1;35;3;0
4923;1;29;4;0
4924;4;48;3;0
4925;1;36;4;1
4926;3;46;1;0
4927;3;38;3;0
4928;5;63;1;0
4929;2;22;2;0
4930;1;15;4;1
4931;1;25;2;9
4932;1;30;1;0
4933;4;50;2;0
4934;4;37;3;0
4935;4;72;2;0
4936;5;39;2;0
4937;1;21;4;0
4938;4;33;1;0
4939;3;54;2;0
4940;3;32;3;0
4941;4;21;3;0
4942;5;28;3;1
4943;2;67;2;0
4944;4;54;3;0
4945;3;31;4;0
4946;2;38;2;0
4947;1;39;2;0
4948;3;94;3;1
4949;3;67;1;1
4950;2;65;4;0
4951;3;50;3;1
4952;4;23;2;0
4953;3;88;3;1
4954;1;22;2;0
4955;5;22;4;1
4956;2;29;2;1
4957;3;65;1;0
4958;2;23;3;0
4959;2;74;1;1
4960;5;51;2;0
4961;3;29;1;1
4962;2;59;2;1
4963;1;20;4;8
4964;3;50;4;0
4965;5;43;1;0
4966;2;79;3;0
4967;4;20;3;1
4968;4;38;1;0
4969;2;49;3;1
4970;4;65;5;0
4971;5;10;1;0
4972;4;34;1;0
4973;2;46;1;0
4974;2;46;4;1
4975;3;38;2;1
4976;2;39;3;0
4977;1;15;1;0
4978;5;12;3;8
4979;3;66;4;0
4980;2;31;3;1
4981;2;24;2;0
4982;4;30;1;0
4983;3;76;1;0
4984;1;22;2;8
4985;5;87;1;0
4986;4;97;2;0
4987;4;28;4;0
4988;2;50;3;8
4989;4;95;2;0
4990;4;84;1;0
4991;4;34;1;0
4992;4;68;2;1
4993;5;48;1;1
4994;2;83;2;0
4995;5;25;3;1
4996;3;46;4;1
4997;1;25;2;0
4998;2;23;1;0
4999;2;59;3;0
5000;4;28;1;0
5001;3;25;2;0
5002;3;64;2;0
5003;1;33;1;8
5004;1;32;3;1
5005;4;26;4;1
5006;3;19;4;1
5007;2;16;4;1
5008;1;18;2;0
5009;4;29;4;0
5010;5;73;2;0
5011;3;46;2;0
5012;4;72;3;1
5013;5;56;2;0
5014;5;23;2;0
5015;3;25;4;0
5016;3;20;2;0
5017;1;60;2;0
5018;2;17;3;0
5019;4;68;4;1
5020;4;48;1;0
5021;5;51;3;1
5022;2;20;2;0
5023;1;36;4;1
5024;1;39;2;1
5025;2;20;1;0
5026;4;57;1;0
5027;1;65;3;0
5028;2;46;3;0
5029;4;44;5;1
5030;3;44;2;0
5031;3;27;2;0
5032;4;51;4;0
5033;1;90;4;0
5034;1;18;3;0
5035;4;41;4;1
5036;2;21;2;0
5037;1;44;5;0
5038;1;26;1;1
5039;5;25;3;0
5040;1;21;4;0
5041;5;46;3;0
5042;2;38;2;1
5043;1;18;4;0
5044;4;39;3;0
5045;3;22;1;0
5046;2;74;2;0
5047;3;66;5;1
5048;2;70;3;1
5049;3;28;1;0
5050;3;30;4;0
5051;2;20;1;0
5052;2;10;1;0
5053;5;67;1;0
5054;2;53;3;1
5055;1;15;1;0
5056;1;29;1;0
5057;4;32;2;0
5058;4;26;1;8
5059;3;85;2;0
5060;1;34;3;0
5061;4;70;4;1
5062;5;77;1;0
5063;4;41;2;1
5064;2;24;1;9
5065;3;19;2;0
5066;1;22;1;0
5067;4;21;2;1
5068;4;20;1;0
5069;3;30;3;0
5070;1;41;1;0
5071;1;61;4;0
5072;1;41;5;0
5073;1;19;4;0
5074;5;19;1;0
5075;3;36;2;0
5076;2;22;2;1
5077;1;22;4;1
5078;4;24;1;8
5079;3;48;2;9
5080;4;10;1;0
5081;3;54;3;0
5082;2;20;4;1
5083;2;40;3;8
5084;4;87;3;0
5085;3;50;4;0
5086;1;17;5;0
5087;5;49;5;1
5088;1;19;2;0
5089;4;77;3;0
5090;4;43;4;1
5091;1;42;3;1
5092;3;27;4;0
5093;4;35;3;1
5094;4;46;2;0
5095;3;35;3;0
5096;4;17;2;1
5097;1;35;1;0
5098;4;10;3;9
5099;1;41;4;0
5100;5;55;4;1
5101;1;88;5;0
5102;4;35;2;0
5103;4;43;2;1
5104;5;29;2;9
5105;3;45;2;0
5106;4;48;1;0
5107;3;70;3;1
5108;5;60;1;0
5109;3;34;1;0
5110;4;29;2;0
5111;3;51;2;0
5112;2;19;4;0
5113;2;49;2;0
5114;2;25;1;0
5115;3;76;2;0
5116;2;35;1;0
5117;2;33;3;0
5118;4;19;1;0
5119;3;47;4;1
5120;4;22;4;0
5121;1;28;1;0
5122;5;69;2;0
5123;2;29;3;1
5124;5;35;2;0
5125;3;12;3;1
5126;5;54;4;0
5127;4;50;1;0
5128;4;22;3;0
5129;3;46;4;1
5130;2;34;1;0
5131;2;93;3;1
5132;4;80;4;0
5133;2;52;1;0
5134;3;25;5;1
5135;2;33;2;0
5136;1;62;2;0
5137;2;24;2;1
5138;2;39;4;1
5139;1;29;3;0
5140;2;25;1;0
5141;2;24;2;0
5142;3;50;3;0
5143;2;28;4;0
5144;3;55;1;0
5145;2;28;1;0
5146;3;66;3;0
5147;2;24;4;0
5148;4;22;2;0
5149;5;50;1;0
5150;3;31;1;0
5151;1;46;4;1
5152;5;44;1;0
5153;2;57;4;0
5154;2;31;3;1
5155;4;40;3;0
5156;1;23;1;0
5157;3;65;5;0
5158;3;56;2;0
5159;3;23;1;0
5160;4;59;5;1
5161;1;27;3;1
5162;2;23;2;1
5163;5;66;2;0
5164;1;17;2;0
5165;4;23;1;0
5166;4;65;1;0
5167;5;56;1;0
5168;1;33;2;0
5169;3;34;3;8
5170;4;17;1;0
5171;1;54;4;1
5172;4;34;4;0
5173;2;32;4;1
5174;4;19;2;0
5175;4;78;2;0
5176;3;51;4;0
5177;3;49;1;0
5178;1;28;2;0
5179;1;45;3;0
5180;5;21;2;0
5181;2;27;4;0
5182;4;93;3;1
5183;2;75;2;1
5184;2;19;1;0
5185;2;40;2;1
5186;4;39;4;0
5187;1;34;3;0
5188;2;21;2;0
5189;5;60;2;0
5190;4;18;4;1
5191;3;32;1;0
5192;5;97;2;0
5193;1;21;2;0
5194;4;61;2;0
5195;2;40;3;1
5196;2;35;4;1
5197;1;15;4;1
5198;1;25;3;0
5199;2;59;1;0
5200;3;22;1;8
